timestamp,value,anomaly_score,raw_score,label
2017-08-17 20:42:50,352,0.0301029996659,1.0,0
2017-08-17 20:42:50,352,0.0301029996659,1.0,0
2017-08-17 20:42:50,352,0.0301029996659,1.0,0
2017-08-17 20:42:50,352,0.0301029996659,1.0,0
2017-08-17 20:42:50,352,0.0301029996659,1.0,0
2017-08-17 20:42:50,352,0.0301029996659,1.0,0
2017-08-17 20:42:50,352,0.0301029996659,1.0,0
2017-08-16 14:09:30,363,0.0301029996659,1.0,0
2017-08-17 20:42:50,352,0.0301029996659,1.0,0
2017-08-17 20:42:50,352,0.0301029996659,1.0,0
2017-08-17 20:42:50,352,0.0301029996659,0.574999988079,0
2017-08-17 20:42:50,352,0.0301029996659,0.949999988079,0
2017-08-17 20:42:50,352,0.0301029996659,0.0,0
2017-08-17 20:42:50,352,0.0301029996659,1.0,0
2017-08-17 20:42:50,352,0.0301029996659,0.0,0
2017-08-19 03:16:10,341,1.0,1.0,0
2017-08-19 03:16:10,341,0.0301029996659,0.975000023842,0
2017-08-19 03:16:10,341,0.0301029996659,1.0,0
2017-08-19 03:16:10,341,0.0301029996659,0.975000023842,0
2017-08-19 03:16:10,341,0.0301029996659,0.774999976158,0
2017-08-19 03:16:10,341,0.0301029996659,1.0,0
2017-08-19 03:16:10,341,0.0301029996659,0.550000011921,0
2017-08-17 20:42:50,352,0.0301029996659,1.0,0
2017-08-19 03:16:10,341,0.0301029996659,0.524999976158,0
2017-08-19 03:16:10,341,0.0301029996659,1.0,0
2017-08-19 03:16:10,341,0.0301029996659,0.5,0
2017-08-19 03:16:10,341,0.0301029996659,0.449999988079,0
2017-08-17 20:42:50,352,0.0301029996659,0.47499999404,0
2017-08-17 20:42:50,352,0.0301029996659,0.375,0
2017-08-19 03:16:10,341,0.0301029996659,0.5,0
2017-08-17 20:42:50,352,0.0301029996659,0.550000011921,0
2017-08-19 03:16:10,341,0.0301029996659,0.524999976158,0
2017-08-19 03:16:10,341,0.0301029996659,0.0500000007451,0
2017-08-19 03:16:10,341,0.0301029996659,0.0,0
2017-08-19 03:16:10,341,0.0301029996659,0.0,0
2017-08-19 03:16:10,341,0.0301029996659,0.0,0
2017-08-19 03:16:10,341,0.0301029996659,0.0,0
2017-08-19 03:16:10,341,0.0301029996659,0.0,0
2017-08-19 03:16:10,341,0.0301029996659,0.0,0
2017-08-17 20:42:50,352,0.0301029996659,0.425000011921,0
2017-08-19 03:16:10,341,0.0301029996659,0.449999988079,0
2017-08-19 03:16:10,341,0.0301029996659,0.0,0
2017-08-20 09:49:30,330,1.0,0.425000011921,0
2017-08-20 09:49:30,330,0.0301029996659,0.75,0
2017-08-20 09:49:30,330,0.0301029996659,0.574999988079,0
2017-08-20 09:49:30,330,0.0301029996659,0.699999988079,0
2017-08-20 09:49:30,330,0.0301029996659,0.524999976158,0
2017-08-19 03:16:10,341,0.0301029996659,0.75,0
2017-08-20 09:49:30,330,0.0301029996659,0.34999999404,0
2017-08-19 03:16:10,341,0.0301029996659,0.600000023842,0
2017-08-19 03:16:10,341,0.0301029996659,0.0,0
2017-08-19 03:16:10,341,0.0301029996659,0.0,0
2017-08-19 03:16:10,341,0.0301029996659,0.0,0
2017-08-19 03:16:10,341,0.0301029996659,0.0,0
2017-08-19 03:16:10,341,0.0301029996659,0.0,0
2017-08-19 03:16:10,341,0.0301029996659,0.0,0
2017-08-20 09:49:30,330,0.0301029996659,0.300000011921,0
2017-08-20 09:49:30,330,0.0301029996659,0.324999988079,0
2017-08-20 09:49:30,330,0.0301029996659,0.22499999404,0
2017-08-19 03:16:10,341,0.0301029996659,0.0,0
2017-08-20 09:49:30,330,0.0301029996659,0.0250000003725,0
2017-08-20 09:49:30,330,0.0301029996659,0.0250000003725,0
2017-08-20 09:49:30,330,0.0301029996659,0.0250000003725,0
2017-08-20 09:49:30,330,0.0301029996659,0.0250000003725,0
2017-08-21 16:22:50,319,1.0,0.40000000596,0
2017-08-21 16:22:50,319,0.0301029996659,0.449999988079,0
2017-08-21 16:22:50,319,0.0301029996659,0.22499999404,0
2017-08-21 16:22:50,319,0.0301029996659,0.40000000596,0
2017-08-21 16:22:50,319,0.0301029996659,0.17499999702,0
2017-08-21 16:22:50,319,0.0301029996659,0.17499999702,0
2017-08-21 16:22:50,319,0.0301029996659,0.17499999702,0
2017-08-21 16:22:50,319,0.0301029996659,0.15000000596,0
2017-08-21 16:22:50,319,0.0301029996659,0.17499999702,0
2017-08-20 09:49:30,330,0.0301029996659,0.22499999404,0
2017-08-21 16:22:50,319,0.0301029996659,0.0500000007451,0
2017-08-21 16:22:50,319,0.0301029996659,0.0,0
2017-08-21 16:22:50,319,0.0301029996659,0.0,0
2017-08-21 16:22:50,319,0.0301029996659,0.0,0
2017-08-21 16:22:50,319,0.0301029996659,0.0,0
2017-08-21 16:22:50,319,0.0301029996659,0.0,0
2017-08-21 16:22:50,319,0.0301029996659,0.0,0
2017-08-21 16:22:50,319,0.0301029996659,0.0,0
2017-08-20 09:49:30,330,0.0301029996659,0.22499999404,0
2017-08-21 16:22:50,319,0.0301029996659,0.0250000003725,0
2017-08-21 16:22:50,319,0.0301029996659,0.0,0
2017-08-21 16:22:50,319,0.0301029996659,0.0,0
2017-08-22 22:56:10,308,1.0,0.125,0
2017-08-22 22:56:10,308,0.0301029996659,0.0,0
2017-08-22 22:56:10,308,0.0301029996659,0.0,0
2017-08-22 22:56:10,308,0.0301029996659,0.0,0
2017-08-22 22:56:10,308,0.0301029996659,0.0,0
2017-08-22 22:56:10,308,0.0301029996659,0.0,0
2017-08-22 22:56:10,308,0.0301029996659,0.0,0
2017-08-21 16:22:50,319,0.0301029996659,0.0,0
2017-08-22 22:56:10,308,0.0301029996659,0.0,0
2017-08-22 22:56:10,308,0.0301029996659,0.0,0
2017-08-22 22:56:10,308,0.0301029996659,0.0,0
2017-08-21 16:22:50,319,0.0301029996659,0.0,0
2017-08-22 22:56:10,308,0.0301029996659,0.0,0
2017-08-22 22:56:10,308,0.0301029996659,0.0,0
2017-08-22 22:56:10,308,0.0301029996659,0.0,0
2017-08-22 22:56:10,308,0.0301029996659,0.0,0
2017-08-22 22:56:10,308,0.0301029996659,0.0,0
2017-08-22 22:56:10,308,0.0301029996659,0.0,0
2017-08-22 22:56:10,308,0.0301029996659,0.0,0
2017-08-22 22:56:10,308,0.0301029996659,0.0,0
2017-08-22 22:56:10,308,0.0301029996659,0.0,0
2017-08-22 22:56:10,308,0.0301029996659,0.0,0
2017-08-22 22:56:10,308,0.0301029996659,0.0,0
2017-08-22 22:56:10,308,0.0301029996659,0.0,0
2017-08-22 22:56:10,308,0.0301029996659,0.0,0
2017-08-24 05:29:30,297,1.0,0.0500000007451,0
2017-08-22 22:56:10,308,0.0301029996659,0.0,0
2017-08-24 05:29:30,297,0.0301029996659,0.0250000003725,0
2017-08-24 05:29:30,297,0.0301029996659,0.0,0
2017-08-22 22:56:10,308,0.0301029996659,0.0,0
2017-08-22 22:56:10,308,0.0301029996659,0.0,0
2017-08-24 05:29:30,297,0.0301029996659,0.0250000003725,0
2017-08-24 05:29:30,297,0.0301029996659,0.0,0
2017-08-24 05:29:30,297,0.0301029996659,0.0,0
2017-08-24 05:29:30,297,0.0301029996659,0.0,0
2017-08-24 05:29:30,297,0.0301029996659,0.0,0
2017-08-24 05:29:30,297,0.0301029996659,0.0,0
2017-08-24 05:29:30,297,0.0301029996659,0.0,0
2017-08-24 05:29:30,297,0.0301029996659,0.0,0
2017-08-24 05:29:30,297,0.0301029996659,0.0,0
2017-08-24 05:29:30,297,0.0301029996659,0.0,0
2017-08-24 05:29:30,297,0.0301029996659,0.0,0
2017-08-24 05:29:30,297,0.0301029996659,0.0,0
2017-08-22 22:56:10,308,0.0301029996659,0.0,0
2017-08-24 05:29:30,297,0.0301029996659,0.0,0
2017-08-24 05:29:30,297,0.0301029996659,0.0,0
2017-08-24 05:29:30,297,0.0301029996659,0.0,0
2017-08-24 05:29:30,297,0.0301029996659,0.0,0
2017-08-24 05:29:30,297,0.0301029996659,0.0,0
2017-08-25 12:02:50,286,1.0,0.0750000029802,0
2017-08-24 05:29:30,297,0.0301029996659,0.0,0
2017-08-24 05:29:30,297,0.0301029996659,0.0,0
2017-08-25 12:02:50,286,0.0301029996659,0.0750000029802,0
2017-08-25 12:02:50,286,0.0301029996659,0.0750000029802,0
2017-08-25 12:02:50,286,0.0301029996659,0.0750000029802,0
2017-08-25 12:02:50,286,0.0301029996659,0.0750000029802,0
2017-08-25 12:02:50,286,0.0301029996659,0.0750000029802,0
2017-08-24 05:29:30,297,0.0301029996659,0.0,0
2017-08-25 12:02:50,286,0.0301029996659,0.0750000029802,0
2017-08-25 12:02:50,286,0.0301029996659,0.0750000029802,0
2017-08-24 05:29:30,297,0.0301029996659,0.0,0
2017-08-25 12:02:50,286,0.0301029996659,0.0250000003725,0
2017-08-25 12:02:50,286,0.0301029996659,0.0250000003725,0
2017-08-25 12:02:50,286,0.0301029996659,0.0,0
2017-08-25 12:02:50,286,0.0301029996659,0.0,0
2017-08-25 12:02:50,286,0.0301029996659,0.0,0
2017-08-25 12:02:50,286,0.0301029996659,0.0,0
2017-08-25 12:02:50,286,0.0301029996659,0.0,0
2017-08-25 12:02:50,286,0.0301029996659,0.0,0
2017-08-25 12:02:50,286,0.0301029996659,0.0,0
2017-08-25 12:02:50,286,0.0301029996659,0.0,0
2017-08-25 12:02:50,286,0.0301029996659,0.0,0
2017-08-25 12:02:50,286,0.0301029996659,0.0,0
2017-08-25 12:02:50,286,0.0301029996659,0.0,0
2017-08-26 18:36:10,275,1.0,0.0,0
2017-08-26 18:36:10,275,0.0301029996659,0.0,0
2017-08-26 18:36:10,275,0.0301029996659,0.0,0
2017-08-26 18:36:10,275,0.0301029996659,0.0,0
2017-08-26 18:36:10,275,0.0301029996659,0.0,0
2017-08-26 18:36:10,275,0.0301029996659,0.0,0
2017-08-26 18:36:10,275,0.0301029996659,0.0,0
2017-08-26 18:36:10,275,0.0301029996659,0.0,0
2017-08-26 18:36:10,275,0.0301029996659,0.0,0
2017-08-26 18:36:10,275,0.0301029996659,0.0,0
2017-08-26 18:36:10,275,0.0301029996659,0.0,0
2017-08-26 18:36:10,275,0.0301029996659,0.0,0
2017-08-26 18:36:10,275,0.0301029996659,0.0,0
2017-08-26 18:36:10,275,0.0301029996659,0.0,0
2017-08-26 18:36:10,275,0.0301029996659,0.0,0
2017-08-26 18:36:10,275,0.0301029996659,0.0,0
2017-08-26 18:36:10,275,0.0301029996659,0.0,0
2017-08-26 18:36:10,275,0.0301029996659,0.0,0
2017-08-26 18:36:10,275,0.0301029996659,0.0,0
2017-08-26 18:36:10,275,0.0301029996659,0.0,0
2017-08-26 18:36:10,275,0.0301029996659,0.0,0
2017-08-25 12:02:50,286,0.0301029996659,0.0,0
2017-08-26 18:36:10,275,0.0301029996659,0.0,0
2017-08-28 01:09:30,264,1.0,0.0250000003725,0
2017-08-28 01:09:30,264,0.0301029996659,0.0250000003725,0
2017-08-28 01:09:30,264,0.0301029996659,0.0250000003725,0
2017-08-28 01:09:30,264,0.0301029996659,0.0250000003725,0
2017-08-26 18:36:10,275,0.0301029996659,0.0,0
2017-08-28 01:09:30,264,0.0301029996659,0.0250000003725,0
2017-08-28 01:09:30,264,0.0301029996659,0.0250000003725,0
2017-08-28 01:09:30,264,0.0301029996659,0.0250000003725,0
2017-08-28 01:09:30,264,0.0301029996659,0.0250000003725,0
2017-08-28 01:09:30,264,0.0301029996659,0.0,0
2017-08-28 01:09:30,264,0.0301029996659,0.0,0
2017-08-28 01:09:30,264,0.0301029996659,0.0,0
2017-08-28 01:09:30,264,0.0301029996659,0.0,0
2017-08-26 18:36:10,275,0.0301029996659,0.0,0
2017-08-28 01:09:30,264,0.0301029996659,0.0,0
2017-08-28 01:09:30,264,0.0301029996659,0.0,0
2017-08-28 01:09:30,264,0.0301029996659,0.0,0
2017-08-28 01:09:30,264,0.0301029996659,0.0,0
2017-08-28 01:09:30,264,0.0301029996659,0.0,0
2017-08-29 07:42:50,253,1.0,0.0750000029802,0
2017-08-29 07:42:50,253,0.0301029996659,0.0750000029802,0
2017-08-28 01:09:30,264,0.0301029996659,0.0,0
2017-08-29 07:42:50,253,0.0301029996659,0.0500000007451,0
2017-08-29 07:42:50,253,0.0301029996659,0.0500000007451,0
2017-08-29 07:42:50,253,0.0301029996659,0.0500000007451,0
2017-08-29 07:42:50,253,0.0301029996659,0.0500000007451,0
2017-08-29 07:42:50,253,0.0301029996659,0.0500000007451,0
2017-08-28 01:09:30,264,0.0301029996659,0.0,0
2017-08-29 07:42:50,253,0.0301029996659,0.0500000007451,0
2017-08-29 07:42:50,253,0.0301029996659,0.0,0
2017-08-29 07:42:50,253,0.0301029996659,0.0,0
2017-08-29 07:42:50,253,0.0301029996659,0.0,0
2017-08-29 07:42:50,253,0.0301029996659,0.0,0
2017-08-29 07:42:50,253,0.0301029996659,0.0,0
2017-08-29 07:42:50,253,0.0301029996659,0.0,0
2017-08-29 07:42:50,253,0.0301029996659,0.0,0
2017-08-29 07:42:50,253,0.0301029996659,0.0,0
2017-08-29 07:42:50,253,0.0301029996659,0.0,0
2017-08-29 07:42:50,253,0.0301029996659,0.0,0
2017-08-29 07:42:50,253,0.0301029996659,0.0,0
2017-08-30 14:16:10,242,1.0,0.0250000003725,0
2017-08-30 14:16:10,242,0.0301029996659,0.0250000003725,0
2017-08-30 14:16:10,242,0.0301029996659,0.0250000003725,0
2017-08-30 14:16:10,242,0.0906213267703,0.0250000003725,0
2017-08-29 07:42:50,253,0.0906213267703,0.0,0
2017-08-29 07:42:50,253,0.0906213267703,0.0,0
2017-08-30 14:16:10,242,0.0806434671136,0.0250000003725,0
2017-08-30 14:16:10,242,0.0713912319113,0.0250000003725,0
2017-08-30 14:16:10,242,0.0628486823466,0.0250000003725,0
2017-08-30 14:16:10,242,0.054998263009,0.0250000003725,0
2017-08-30 14:16:10,242,0.0628486823466,0.0,0
2017-08-31 20:49:30,231,1.0,0.0,0
2017-08-31 20:49:30,231,0.0806434671136,0.0,0
2017-08-30 14:16:10,242,0.0906213267703,0.0,0
2017-08-31 20:49:30,231,0.0906213267703,0.0,0
2017-08-31 20:49:30,231,0.0906213267703,0.0,0
2017-08-31 20:49:30,231,0.101339266172,0.0,0
2017-08-31 20:49:30,231,0.112810386877,0.0,0
2017-08-30 14:16:10,242,0.12504656064,0.0,0
2017-08-30 14:16:10,242,0.138058545864,0.0,0
2017-08-30 14:16:10,242,0.138058545864,0.0,0
2017-08-30 14:16:10,242,0.138058545864,0.0,0
2017-08-31 20:49:30,231,0.138058545864,0.0,0
2017-08-30 14:16:10,242,0.138058545864,0.0,0
2017-08-31 20:49:30,231,0.138058545864,0.0,0
2017-08-31 20:49:30,231,0.138058545864,0.0,0
2017-08-31 20:49:30,231,0.138058545864,0.0,0
2017-08-31 20:49:30,231,0.138058545864,0.0,0
2017-08-31 20:49:30,231,0.138058545864,0.0,0
2017-08-31 20:49:30,231,0.138058545864,0.0,0
2017-08-31 20:49:30,231,0.138058545864,0.0,0
2017-08-30 14:16:10,242,0.138058545864,0.0,0
2017-08-30 14:16:10,242,0.138058545864,0.0,0
2017-08-31 20:49:30,231,0.138058545864,0.0,0
2017-08-31 20:49:30,231,0.138058545864,0.0,0
2017-08-30 14:16:10,242,0.138058545864,0.0,0
2017-08-31 20:49:30,231,0.138058545864,0.0,0
2017-08-31 20:49:30,231,0.138058545864,0.0,0
2017-08-31 20:49:30,231,0.138058545864,0.0,0
2017-08-31 20:49:30,231,0.138058545864,0.0,0
2017-08-31 20:49:30,231,0.138058545864,0.0,0
2017-08-31 20:49:30,231,0.138058545864,0.0,0
2017-08-31 20:49:30,231,0.138058545864,0.0,0
2017-08-30 14:16:10,242,0.138058545864,0.0,0
2017-08-31 20:49:30,231,0.138058545864,0.0,0
2017-08-31 20:49:30,231,0.138058545864,0.0,0
2017-08-30 14:16:10,242,0.138058545864,0.0,0
2017-08-31 20:49:30,231,0.138058545864,0.0,0
2017-08-31 20:49:30,231,0.138058545864,0.0,0
2017-09-02 03:22:50,220,1.0,0.0,0
2017-08-31 20:49:30,231,0.138058545864,0.0,0
2017-09-02 03:22:50,220,0.138058545864,0.0,0
2017-08-31 20:49:30,231,0.138058545864,0.0,0
2017-09-02 03:22:50,220,0.138058545864,0.0,0
2017-09-02 03:22:50,220,0.138058545864,0.0,0
2017-09-02 03:22:50,220,0.138058545864,0.0,0
2017-09-02 03:22:50,220,0.138058545864,0.0,0
2017-09-02 03:22:50,220,0.138058545864,0.0,0
2017-09-02 03:22:50,220,0.138058545864,0.0,0
2017-09-02 03:22:50,220,0.138058545864,0.0,0
2017-09-02 03:22:50,220,0.138058545864,0.0,0
2017-09-03 09:56:10,209,1.0,0.0500000007451,0
2017-09-03 09:56:10,209,0.0906213267703,0.0500000007451,0
2017-09-02 03:22:50,220,0.0806434671136,0.0250000003725,0
2017-09-02 03:22:50,220,0.0806434671136,0.0,0
2017-09-02 03:22:50,220,0.0806434671136,0.0,0
2017-09-02 03:22:50,220,0.0806434671136,0.0,0
2017-09-02 03:22:50,220,0.0806434671136,0.0,0
2017-09-02 03:22:50,220,0.0806434671136,0.0,0
2017-09-02 03:22:50,220,0.0806434671136,0.0,0
2017-09-02 03:22:50,220,0.0806434671136,0.0,0
2017-09-02 03:22:50,220,0.101339266172,0.0,0
2017-08-31 20:49:30,231,0.12504656064,0.0,0
2017-09-02 03:22:50,220,0.138058545864,0.0,0
2017-09-02 03:22:50,220,0.138058545864,0.0,0
2017-09-03 09:56:10,209,0.112810386877,0.0500000007451,0
2017-09-03 09:56:10,209,0.0906213267703,0.0500000007451,0
2017-09-03 09:56:10,209,0.0713912319113,0.0500000007451,0
2017-09-02 03:22:50,220,0.0713912319113,0.0,0
2017-09-03 09:56:10,209,0.054998263009,0.0500000007451,0
2017-09-03 09:56:10,209,0.0412947210195,0.0500000007451,0
2017-09-03 09:56:10,209,0.0301030005602,0.0500000007451,0
2017-09-03 09:56:10,209,0.0301030005602,0.0,0
2017-09-03 09:56:10,209,0.0301030005602,0.0,0
2017-09-03 09:56:10,209,0.0301030005602,0.0,0
2017-09-02 03:22:50,220,0.0412947210195,0.0,0
2017-09-03 09:56:10,209,0.054998263009,0.0,0
2017-09-03 09:56:10,209,0.0713912319113,0.0,0
2017-09-03 09:56:10,209,0.0713912319113,0.0,0
2017-09-03 09:56:10,209,0.0906213267703,0.0,0
2017-09-03 09:56:10,209,0.112810386877,0.0,0
2017-09-03 09:56:10,209,0.138058545864,0.0,0
2017-09-03 09:56:10,209,0.138058545864,0.0,0
2017-09-03 09:56:10,209,0.138058545864,0.0,0
2017-09-03 09:56:10,209,0.138058545864,0.0,0
2017-09-03 09:56:10,209,0.138058545864,0.0,0
2017-09-03 09:56:10,209,0.138058545864,0.0,0
2017-09-03 09:56:10,209,0.138058545864,0.0,0
2017-09-03 09:56:10,209,0.138058545864,0.0,0
2017-09-02 03:22:50,220,0.138058545864,0.0,0
2017-09-03 09:56:10,209,0.138058545864,0.0,0
2017-09-03 09:56:10,209,0.138058545864,0.0,0
2017-09-04 16:29:30,198,1.0,0.0,0
2017-09-04 16:29:30,198,0.138058545864,0.0,0
2017-09-04 16:29:30,198,0.138058545864,0.0,0
2017-09-04 16:29:30,198,0.138058545864,0.0,0
2017-09-04 16:29:30,198,0.138058545864,0.0,0
2017-09-04 16:29:30,198,0.138058545864,0.0,0
2017-09-04 16:29:30,198,0.138058545864,0.0,0
2017-09-04 16:29:30,198,0.138058545864,0.0,0
2017-09-04 16:29:30,198,0.138058545864,0.0,0
2017-09-04 16:29:30,198,0.138058545864,0.0,0
2017-09-04 16:29:30,198,0.138058545864,0.0,0
2017-09-04 16:29:30,198,0.138058545864,0.0,0
2017-09-04 16:29:30,198,0.138058545864,0.0,0
2017-09-04 16:29:30,198,0.138058545864,0.0,0
2017-09-04 16:29:30,198,0.138058545864,0.0,0
2017-09-03 09:56:10,209,0.138058545864,0.0,0
2017-09-04 16:29:30,198,0.138058545864,0.0,0
2017-09-04 16:29:30,198,0.138058545864,0.0,0
2017-09-04 16:29:30,198,0.138058545864,0.0,0
2017-09-04 16:29:30,198,0.138058545864,0.0,0
2017-09-04 16:29:30,198,0.138058545864,0.0,0
2017-09-04 16:29:30,198,0.138058545864,0.0,0
2017-09-04 16:29:30,198,0.138058545864,0.0,0
2017-09-05 23:02:50,187,1.0,0.0,0
2017-09-04 16:29:30,198,0.138058545864,0.0,0
2017-09-05 23:02:50,187,0.138058545864,0.0,0
2017-09-05 23:02:50,187,0.138058545864,0.0,0
2017-09-05 23:02:50,187,0.138058545864,0.0,0
2017-09-05 23:02:50,187,0.138058545864,0.0,0
2017-09-05 23:02:50,187,0.138058545864,0.0,0
2017-09-05 23:02:50,187,0.138058545864,0.0,0
2017-09-04 16:29:30,198,0.138058545864,0.0,0
2017-09-05 23:02:50,187,0.138058545864,0.0,0
2017-09-05 23:02:50,187,0.138058545864,0.0,0
2017-09-05 23:02:50,187,0.138058545864,0.0,0
2017-09-04 16:29:30,198,0.138058545864,0.0,0
2017-09-05 23:02:50,187,0.138058545864,0.0,0
2017-09-05 23:02:50,187,0.138058545864,0.0,0
2017-09-05 23:02:50,187,0.138058545864,0.0,0
2017-09-05 23:02:50,187,0.138058545864,0.0,0
2017-09-05 23:02:50,187,0.138058545864,0.0,0
2017-09-05 23:02:50,187,0.138058545864,0.0,0
2017-09-05 23:02:50,187,0.138058545864,0.0,0
2017-09-05 23:02:50,187,0.138058545864,0.0,0
2017-09-05 23:02:50,187,0.138058545864,0.0,0
2017-09-05 23:02:50,187,0.138058545864,0.0,0
2017-09-07 05:36:10,176,1.0,0.0,0
2017-09-07 05:36:10,176,0.138058545864,0.0,0
2017-09-05 23:02:50,187,0.138058545864,0.0,0
2017-09-05 23:02:50,187,0.138058545864,0.0,0
2017-09-07 05:36:10,176,0.138058545864,0.0,0
2017-09-07 05:36:10,176,0.138058545864,0.0,0
2017-09-07 05:36:10,176,0.138058545864,0.0,0
2017-09-07 05:36:10,176,0.138058545864,0.0,0
2017-09-07 05:36:10,176,0.138058545864,0.0,0
2017-09-07 05:36:10,176,0.138058545864,0.0,0
2017-09-05 23:02:50,187,0.138058545864,0.0,0
2017-09-07 05:36:10,176,0.138058545864,0.0,0
2017-09-07 05:36:10,176,0.138058545864,0.0,0
2017-09-07 05:36:10,176,0.138058545864,0.0,0
2017-09-07 05:36:10,176,0.138058545864,0.0,0
2017-09-07 05:36:10,176,0.138058545864,0.0,0
2017-09-07 05:36:10,176,0.138058545864,0.0,0
2017-09-07 05:36:10,176,0.138058545864,0.0,0
2017-09-07 05:36:10,176,0.138058545864,0.0,0
2017-09-07 05:36:10,176,0.138058545864,0.0,0
2017-09-07 05:36:10,176,0.138058545864,0.0,0
2017-09-07 05:36:10,176,0.138058545864,0.0,0
2017-09-07 05:36:10,176,0.138058545864,0.0,0
2017-09-07 05:36:10,176,0.138058545864,0.0,0
2017-09-07 05:36:10,176,0.138058545864,0.0,0
2017-09-07 05:36:10,176,0.138058545864,0.0,0
2017-09-08 12:09:30,165,1.0,0.0,0
2017-09-08 12:09:30,165,0.138058545864,0.0,0
2017-09-08 12:09:30,165,0.138058545864,0.0,0
2017-09-08 12:09:30,165,0.138058545864,0.0,0
2017-09-08 12:09:30,165,0.138058545864,0.0,0
2017-09-08 12:09:30,165,0.138058545864,0.0,0
2017-09-08 12:09:30,165,0.138058545864,0.0,0
2017-09-08 12:09:30,165,0.138058545864,0.0,0
2017-09-08 12:09:30,165,0.138058545864,0.0,0
2017-09-08 12:09:30,165,0.138058545864,0.0,0
2017-09-08 12:09:30,165,0.138058545864,0.0,0
2017-09-08 12:09:30,165,0.138058545864,0.0,0
2017-09-08 12:09:30,165,0.138058545864,0.0,0
2017-09-08 12:09:30,165,0.138058545864,0.0,0
2017-09-08 12:09:30,165,0.138058545864,0.0,0
2017-09-08 12:09:30,165,0.138058545864,0.0,0
2017-09-08 12:09:30,165,0.138058545864,0.0,0
2017-09-08 12:09:30,165,0.138058545864,0.0,0
2017-09-08 12:09:30,165,0.138058545864,0.0,0
2017-09-08 12:09:30,165,0.138058545864,0.0,0
2017-09-08 12:09:30,165,0.138058545864,0.0,0
2017-09-08 12:09:30,165,0.138058545864,0.0,0
2017-09-09 18:42:50,154,1.0,0.0,0
2017-09-09 18:42:50,154,0.138058545864,0.0,0
2017-09-09 18:42:50,154,0.138058545864,0.0,0
2017-09-09 18:42:50,154,0.138058545864,0.0,0
2017-09-09 18:42:50,154,0.138058545864,0.0,0
2017-09-09 18:42:50,154,0.138058545864,0.0,0
2017-09-09 18:42:50,154,0.138058545864,0.0,0
2017-09-09 18:42:50,154,0.138058545864,0.0,0
2017-09-09 18:42:50,154,0.138058545864,0.0,0
2017-09-11 01:16:10,143,1.0,0.0250000003725,0
2017-09-11 01:16:10,143,0.112810386877,0.0250000003725,0
2017-09-09 18:42:50,154,0.112810386877,0.0,0
2017-09-09 18:42:50,154,0.112810386877,0.0,0
2017-09-08 12:09:30,165,0.112810386877,0.0,0
2017-09-08 12:09:30,165,0.112810386877,0.0,0
2017-09-09 18:42:50,154,0.112810386877,0.0,0
2017-06-21 13:42:50,847,1.0,0.34999999404,0
2017-09-09 18:42:50,154,0.31260960992,0.449999988079,0
2017-09-09 18:42:50,154,0.31260960992,0.0,0
2017-09-08 12:09:30,165,0.291426336982,0.0,0
2017-09-09 18:42:50,154,0.271084867656,0.0,0
2017-09-11 01:16:10,143,0.291426336982,0.0250000003725,0
2017-09-11 01:16:10,143,0.31260960992,0.0250000003725,0
2017-09-11 01:16:10,143,0.334638553888,0.0250000003725,0
2017-09-11 01:16:10,143,0.357516720236,0.0250000003725,0
2017-09-11 01:16:10,143,0.381247374229,0.0250000003725,0
2017-09-11 01:16:10,143,0.138058540671,0.0250000003725,0
2017-09-11 01:16:10,143,0.0713912319113,0.0,0
2017-09-11 01:16:10,143,0.0713912319113,0.0,0
2017-09-11 01:16:10,143,0.0713912319113,0.0,0
2017-09-11 01:16:10,143,0.0713912319113,0.0,0
2017-09-11 01:16:10,143,0.0806434671136,0.0,0
2017-09-11 01:16:10,143,0.0906213267703,0.0,0
2017-09-12 07:49:30,132,0.101339266172,0.0,0
2017-09-12 07:49:30,132,0.112810386877,0.0,0
2017-09-11 01:16:10,143,0.12504656064,0.0,0
2017-09-11 01:16:10,143,0.138058545864,0.0,0
2017-09-11 01:16:10,143,0.138058545864,0.0,0
2017-09-11 01:16:10,143,0.138058545864,0.0,0
2017-09-11 01:16:10,143,0.138058545864,0.0,0
2017-09-11 01:16:10,143,0.138058545864,0.0,0
2017-06-20 07:09:30,858,0.0412947204645,0.34999999404,0
2017-09-11 01:16:10,143,0.381247372429,0.574999988079,0
2017-09-11 01:16:10,143,0.381247372429,0.0,0
2017-09-11 01:16:10,143,0.381247372429,0.0,0
2017-09-11 01:16:10,143,0.381247372429,0.0,0
2017-09-11 01:16:10,143,0.381247372429,0.0,0
2017-09-12 07:49:30,132,0.381247372429,0.0,0
2017-09-12 07:49:30,132,0.381247372429,0.0,0
2017-09-12 07:49:30,132,0.381247372429,0.0,0
2017-09-12 07:49:30,132,0.381247372429,0.0,0
2017-09-12 07:49:30,132,0.12504655481,0.0,0
2017-06-20 07:09:30,858,0.0412947204645,0.34999999404,0
2017-09-12 07:49:30,132,0.112810385818,0.20000000298,0
2017-09-12 07:49:30,132,0.112810385818,0.0,0
2017-09-12 07:49:30,132,0.112810385818,0.0,0
2017-09-12 07:49:30,132,0.112810385818,0.0,0
2017-09-12 07:49:30,132,0.112810385818,0.0,0
2017-09-12 07:49:30,132,0.112810385818,0.0,0
2017-09-12 07:49:30,132,0.112810385818,0.0,0
2017-09-11 01:16:10,143,0.112810385818,0.0,0
2017-09-12 07:49:30,132,0.112810385818,0.0,0
2017-09-12 07:49:30,132,0.054998263009,0.0,0
2017-09-12 07:49:30,132,0.138058545864,0.0,0
2017-09-12 07:49:30,132,0.138058545864,0.0,0
2017-09-12 07:49:30,132,0.138058545864,0.0,0
2017-09-12 07:49:30,132,0.138058545864,0.0,0
2017-09-12 07:49:30,132,0.138058545864,0.0,0
2017-09-12 07:49:30,132,0.138058545864,0.0,0
2017-09-12 07:49:30,132,0.138058545864,0.0,0
2017-09-12 07:49:30,132,0.138058545864,0.0,0
2017-09-12 07:49:30,132,0.138058545864,0.0,0
2017-09-12 07:49:30,132,0.138058545864,0.0,0
2017-09-13 14:22:50,121,0.138058545864,0.0,0
2017-09-12 07:49:30,132,0.138058545864,0.0,0
2017-09-13 14:22:50,121,0.138058545864,0.0,0
2017-09-13 14:22:50,121,0.138058545864,0.0,0
2017-09-13 14:22:50,121,0.138058545864,0.0,0
2017-09-13 14:22:50,121,0.138058545864,0.0,0
2017-09-13 14:22:50,121,0.138058545864,0.0,0
2017-09-13 14:22:50,121,0.138058545864,0.0,0
2017-09-13 14:22:50,121,0.107209086032,0.0,0
2017-09-13 14:22:50,121,0.107209086032,0.0,0
2017-09-12 07:49:30,132,0.107209086032,0.0,0
2017-09-13 14:22:50,121,0.107209086032,0.0,0
2017-09-13 14:22:50,121,0.107209086032,0.0,0
2017-09-13 14:22:50,121,0.107209086032,0.0,0
2017-09-13 14:22:50,121,0.107209086032,0.0,0
2017-09-13 14:22:50,121,0.107209086032,0.0,0
2017-09-13 14:22:50,121,0.107209086032,0.0,0
2017-09-13 14:22:50,121,0.107209086032,0.0,0
2017-09-13 14:22:50,121,0.107209086032,0.0,0
2017-09-13 14:22:50,121,0.107209086032,0.0,0
2017-09-13 14:22:50,121,0.107209086032,0.0,0
2017-09-12 07:49:30,132,0.107209086032,0.0,0
2017-09-13 14:22:50,121,0.107209086032,0.0,0
2017-09-13 14:22:50,121,0.107209086032,0.0,0
2017-09-13 14:22:50,121,0.107209086032,0.0,0
2017-09-14 20:56:10,110,0.107209086032,0.0,0
2017-09-14 20:56:10,110,0.107209086032,0.0,0
2017-09-14 20:56:10,110,0.107209086032,0.0,0
2017-09-14 20:56:10,110,0.107209086032,0.0,0
2017-09-14 20:56:10,110,0.107209086032,0.0,0
2017-09-14 20:56:10,110,0.107209086032,0.0,0
2017-09-14 20:56:10,110,0.107209086032,0.0,0
2017-09-14 20:56:10,110,0.107209086032,0.0,0
2017-09-14 20:56:10,110,0.107209086032,0.0,0
2017-09-13 14:22:50,121,0.107209086032,0.0,0
2017-09-14 20:56:10,110,0.107209086032,0.0,0
2017-09-14 20:56:10,110,0.107209086032,0.0,0
2017-09-14 20:56:10,110,0.107209086032,0.0,0
2017-09-14 20:56:10,110,0.107209086032,0.0,0
2017-09-14 20:56:10,110,0.107209086032,0.0,0
2017-09-14 20:56:10,110,0.107209086032,0.0,0
2017-09-14 20:56:10,110,0.107209086032,0.0,0
2017-09-13 14:22:50,121,0.107209086032,0.0,0
2017-09-14 20:56:10,110,0.107209086032,0.0,0
2017-09-14 20:56:10,110,0.107209086032,0.0,0
2017-09-14 20:56:10,110,0.107209086032,0.0,0
2017-09-14 20:56:10,110,0.107209086032,0.0,0
2017-09-14 20:56:10,110,0.107209086032,0.0,0
2017-09-14 20:56:10,110,0.107209086032,0.0,0
2017-09-14 20:56:10,110,0.107209086032,0.0,0
2017-09-16 03:29:30,99,0.107209086032,0.0,0
2017-09-16 03:29:30,99,0.107209086032,0.0,0
2017-09-16 03:29:30,99,0.107209086032,0.0,0
2017-09-16 03:29:30,99,0.107209086032,0.0,0
2017-09-16 03:29:30,99,0.107209086032,0.0,0
2017-09-16 03:29:30,99,0.107209086032,0.0,0
2017-09-16 03:29:30,99,0.107209086032,0.0,0
2017-09-16 03:29:30,99,0.107209086032,0.0,0
2017-09-16 03:29:30,99,0.107209086032,0.0,0
2017-09-16 03:29:30,99,0.107209086032,0.0,0
2017-09-16 03:29:30,99,0.107209086032,0.0,0
2017-09-16 03:29:30,99,0.107209086032,0.0,0
2017-09-16 03:29:30,99,0.107209086032,0.0,0
2017-09-16 03:29:30,99,0.107209086032,0.0,0
2017-09-16 03:29:30,99,0.107209086032,0.0,0
2017-06-19 00:36:10,869,0.0490174022731,0.20000000298,0
2017-06-19 00:36:10,869,0.0490174042482,0.20000000298,0
2017-06-19 00:36:10,869,0.107209089291,0.20000000298,0
2017-06-19 00:36:10,869,0.195838102072,0.20000000298,0
2017-06-19 00:36:10,869,0.317236338428,0.20000000298,0
2017-06-20 07:09:30,858,0.539924266257,0.27500000596,0
2017-06-19 00:36:10,869,0.299999996735,0.300000011921,0
2017-06-19 00:36:10,869,0.299999996735,0.20000000298,0
2017-09-16 03:29:30,99,0.299999996735,0.0,0
2017-09-16 03:29:30,99,0.299999996735,0.0,0
2017-09-16 03:29:30,99,0.299999996735,0.0,0
2017-09-16 03:29:30,99,0.299999996735,0.0,0
2017-09-16 03:29:30,99,0.451365563668,0.0,0
2017-06-19 00:36:10,869,0.451365563668,0.20000000298,0
2017-06-17 18:02:50,880,0.516966619498,0.27500000596,0
2017-06-17 18:02:50,880,0.299999996735,0.27500000596,0
2017-06-17 18:02:50,880,0.494554905792,0.27500000596,0
2017-06-17 18:02:50,880,0.563428669307,0.27500000596,0
2017-09-16 03:29:30,99,0.299999996735,0.125,0
2017-09-17 10:02:50,88,0.299999996735,0.0,0
2017-09-17 10:02:50,88,0.299999996735,0.0,0
2017-09-16 03:29:30,99,0.299999996735,0.0,0
2017-09-17 10:02:50,88,0.299999996735,0.0,0
2017-09-16 03:29:30,99,0.494554905792,0.0,0
2017-06-11 09:16:10,935,1.0,0.524999976158,0
2017-06-11 09:16:10,935,0.299999996735,1.0,0
2017-06-11 09:16:10,935,0.299999996735,1.0,0
2017-06-11 09:16:10,935,0.299999996735,1.0,0
2017-06-11 09:16:10,935,0.299999996735,1.0,0
2017-06-11 09:16:10,935,0.299999996735,1.0,0
2017-06-11 09:16:10,935,0.299999996735,0.975000023842,0
2017-06-11 09:16:10,935,0.299999996735,0.949999988079,0
2017-06-11 09:16:10,935,0.299999996735,0.949999988079,0
2017-06-11 09:16:10,935,0.299999996735,0.0250000003725,0
2017-06-13 22:22:50,913,0.299999996735,0.649999976158,0
2017-06-11 09:16:10,935,0.299999996735,0.574999988079,0
2017-06-12 15:49:30,924,0.299999996735,0.649999976158,0
2017-06-12 15:49:30,924,0.299999996735,0.975000023842,0
2017-06-12 15:49:30,924,0.299999996735,0.975000023842,0
2017-06-12 15:49:30,924,0.299999996735,0.975000023842,0
2017-06-12 15:49:30,924,0.299999996735,0.975000023842,0
2017-06-12 15:49:30,924,0.299999996735,0.975000023842,0
2017-06-12 15:49:30,924,0.299999996735,0.800000011921,0
2017-06-13 22:22:50,913,0.299999996735,0.600000023842,0
2017-06-12 15:49:30,924,0.299999996735,0.524999976158,0
2017-06-12 15:49:30,924,0.299999996735,0.425000011921,0
2017-06-12 15:49:30,924,0.299999996735,0.324999988079,0
2017-06-11 09:16:10,935,0.299999996735,0.600000023842,0
2017-06-11 09:16:10,935,0.299999996735,0.0,0
2017-06-12 15:49:30,924,0.457985947445,0.550000011921,0
2017-06-11 09:16:10,935,0.407318160875,0.600000023842,0
2017-06-12 15:49:30,924,0.353862687158,0.550000011921,0
2017-06-12 15:49:30,924,0.26713342124,0.0250000003725,0
2017-06-11 09:16:10,935,0.256944001703,0.5,0
2017-06-11 09:16:10,935,0.2071563519,0.0,0
2017-06-11 09:16:10,935,0.17135763033,0.0,0
2017-06-11 09:16:10,935,0.14665407503,0.0,0
2017-06-12 15:49:30,924,0.139512242553,0.5,0
2017-06-11 09:16:10,935,0.185614990085,0.600000023842,0
2017-06-12 15:49:30,924,0.183536961473,0.524999976158,0
2017-06-12 15:49:30,924,0.141277588074,0.0500000007451,0
2017-06-12 15:49:30,924,0.114624816763,0.15000000596,0
2017-06-12 15:49:30,924,0.116191844489,0.0500000007451,0
2017-06-12 15:49:30,924,0.0940435364454,0.125,0
2017-06-12 15:49:30,924,0.0940435364454,0.0,0
2017-06-12 15:49:30,924,0.0940435364454,0.0,0
2017-06-12 15:49:30,924,0.0940435364454,0.0,0
2017-06-12 15:49:30,924,0.0689220785117,0.0,0
2017-06-12 15:49:30,924,0.0450676545647,0.0,0
2017-06-11 09:16:10,935,0.0417213403781,0.425000011921,0
2017-06-11 09:16:10,935,0.0417213403781,0.0500000007451,0
2017-06-12 15:49:30,924,0.0522877699477,0.449999988079,0
2017-06-11 09:16:10,935,0.0712137523721,0.5,0
2017-06-12 15:49:30,924,0.0886222489671,0.47499999404,0
2017-06-12 15:49:30,924,0.089958687811,0.0250000003725,0
2017-06-12 15:49:30,924,0.0913076949887,0.0250000003725,0
2017-06-11 09:16:10,935,0.111529845319,0.34999999404,0
2017-06-11 09:16:10,935,0.114624815717,0.0500000007451,0
2017-06-12 15:49:30,924,0.134296351054,0.300000011921,0
2017-06-11 09:16:10,935,0.130885679719,0.375,0
2017-06-11 09:16:10,935,0.12752808061,0.0,0
2017-06-12 15:49:30,924,0.111529846234,0.20000000298,0
2017-06-12 15:49:30,924,0.0834015542758,0.0,0
2017-06-12 15:49:30,924,0.0612767370769,0.0,0
2017-06-12 15:49:30,924,0.0602317015124,0.0,0
2017-06-12 15:49:30,924,0.0591983318841,0.0,0
2017-06-12 15:49:30,924,0.0459314148089,0.0,0
2017-06-12 15:49:30,924,0.0442148201281,0.0,0
2017-06-12 15:49:30,924,0.0348135943028,0.0,0
2017-06-12 15:49:30,924,0.0357380374556,0.0,0
2017-06-12 15:49:30,924,0.0357380374556,0.0,0
2017-06-12 15:49:30,924,0.0419426392102,0.0,0
2017-06-12 15:49:30,924,0.0419426392102,0.0,0
2017-06-12 15:49:30,924,0.0419426392102,0.0,0
2017-06-12 15:49:30,924,0.0419426392102,0.0,0
2017-06-12 15:49:30,924,0.0419426392102,0.0,0
2017-06-12 15:49:30,924,0.0419426392102,0.0,0
2017-06-12 15:49:30,924,0.0419426392102,0.0,0
2017-06-12 15:49:30,924,0.0419426392102,0.0,0
2017-06-12 15:49:30,924,0.0419426392102,0.0,0
2017-06-12 15:49:30,924,0.0419426392102,0.0,0
2017-06-12 15:49:30,924,0.0419426392102,0.0,0
2017-06-12 15:49:30,924,0.0419426392102,0.0,0
2017-06-12 15:49:30,924,0.0419426392102,0.0,0
2017-06-13 22:22:50,913,0.0364770188887,0.17499999702,0
2017-06-12 15:49:30,924,0.0364770188887,0.0,0
2017-06-13 22:22:50,913,0.0315180717241,0.17499999702,0
2017-06-13 22:22:50,913,0.030670417217,0.0750000029802,0
2017-06-13 22:22:50,913,0.0326968659644,0.0750000029802,0
2017-06-13 22:22:50,913,0.0348135943028,0.0750000029802,0
2017-06-13 22:22:50,913,0.0362757006667,0.0500000007451,0
2017-06-13 22:22:50,913,0.0370222156376,0.0250000003725,0
2017-06-13 22:22:50,913,0.0370222156376,0.0,0
2017-06-13 22:22:50,913,0.0370222156376,0.0,0
2017-06-13 22:22:50,913,0.0320114333356,0.0,0
2017-06-13 22:22:50,913,0.0320114333356,0.0,0
2017-06-13 22:22:50,913,0.0328843758657,0.0,0
2017-06-13 22:22:50,913,0.0350093410987,0.0,0
2017-06-13 22:22:50,913,0.0372263426738,0.0,0
2017-06-13 22:22:50,913,0.0395369391715,0.0,0
2017-06-13 22:22:50,913,0.0411300810399,0.0,0
2017-06-13 22:22:50,913,0.0419426392102,0.0,0
2017-06-13 22:22:50,913,0.0419426392102,0.0,0
2017-06-13 22:22:50,913,0.0419426392102,0.0,0
2017-06-12 15:49:30,924,0.0419426392102,0.0,0
2017-06-13 22:22:50,913,0.0419426392102,0.0,0
2017-06-13 22:22:50,913,0.0419426392102,0.0,0
2017-06-13 22:22:50,913,0.0419426392102,0.0,0
2017-06-13 22:22:50,913,0.0419426392102,0.0,0
2017-06-13 22:22:50,913,0.0419426392102,0.0,0
2017-06-13 22:22:50,913,0.0419426392102,0.0,0
2017-06-13 22:22:50,913,0.0419426392102,0.0,0
2017-06-13 22:22:50,913,0.0419426392102,0.0,0
2017-06-13 22:22:50,913,0.0419426392102,0.0,0
2017-06-13 22:22:50,913,0.0419426392102,0.0,0
2017-06-13 22:22:50,913,0.0419426392102,0.0,0
2017-06-13 22:22:50,913,0.0419426392102,0.0,0
2017-06-15 04:56:10,902,0.0372263426176,0.15000000596,0
2017-06-15 04:56:10,902,0.0342908715251,0.10000000149,0
2017-06-13 22:22:50,913,0.0342908715251,0.0,0
2017-06-13 22:22:50,913,0.0342908715251,0.0,0
2017-06-13 22:22:50,913,0.0342908715251,0.0,0
2017-06-13 22:22:50,913,0.0342908715251,0.0,0
2017-06-13 22:22:50,913,0.0384243669635,0.0,0
2017-06-13 22:22:50,913,0.0384243669635,0.0,0
2017-06-13 22:22:50,913,0.0384243669635,0.0,0
2017-06-13 22:22:50,913,0.0384243669635,0.0,0
2017-06-13 22:22:50,913,0.0426017313859,0.0,0
2017-06-13 22:22:50,913,0.0455499053764,0.0,0
2017-06-13 22:22:50,913,0.0455499053764,0.0,0
2017-06-13 22:22:50,913,0.0455499053764,0.0,0
2017-06-15 04:56:10,902,0.0426017313859,0.10000000149,0
2017-06-13 22:22:50,913,0.0426017313859,0.0,0
2017-06-13 22:22:50,913,0.0426017313859,0.0,0
2017-06-13 22:22:50,913,0.0426017313859,0.0,0
2017-06-15 04:56:10,902,0.0404766856351,0.0750000029802,0
2017-06-13 22:22:50,913,0.0404766856351,0.0,0
2017-06-15 04:56:10,902,0.0384243669635,0.0750000029802,0
2017-06-13 22:22:50,913,0.0384243669635,0.0,0
2017-06-15 04:56:10,902,0.0364437907815,0.0750000029802,0
2017-06-15 04:56:10,902,0.0357993672124,0.0250000003725,0
2017-06-15 04:56:10,902,0.0384243669134,0.0,0
2017-06-15 04:56:10,902,0.0384243669134,0.0,0
2017-06-15 04:56:10,902,0.0384243669134,0.0,0
2017-06-15 04:56:10,902,0.0384243669134,0.0,0
2017-06-15 04:56:10,902,0.0404766855833,0.0,0
2017-06-15 04:56:10,902,0.0404766855833,0.0,0
2017-06-15 04:56:10,902,0.0426017313322,0.0,0
2017-06-15 04:56:10,902,0.0426017313322,0.0,0
2017-06-15 04:56:10,902,0.0448004603983,0.0,0
2017-06-15 04:56:10,902,0.0455499053764,0.0,0
2017-06-15 04:56:10,902,0.0455499053764,0.0,0
2017-06-15 04:56:10,902,0.0455499053764,0.0,0
2017-06-15 04:56:10,902,0.0455499053764,0.0,0
2017-06-15 04:56:10,902,0.0455499053764,0.0,0
2017-06-15 04:56:10,902,0.0455499053764,0.0,0
2017-06-15 04:56:10,902,0.0455499053764,0.0,0
2017-06-15 04:56:10,902,0.0455499053764,0.0,0
2017-06-15 04:56:10,902,0.0455499053764,0.0,0
2017-06-15 04:56:10,902,0.0455499053764,0.0,0
2017-06-15 04:56:10,902,0.0455499053764,0.0,0
2017-06-15 04:56:10,902,0.0455499053764,0.0,0
2017-06-15 04:56:10,902,0.0455499053764,0.0,0
2017-06-16 11:29:30,891,0.0433264075558,0.0750000029802,0
2017-06-15 04:56:10,902,0.0433264075558,0.0,0
2017-06-16 11:29:30,891,0.0411769055605,0.0750000029802,0
2017-06-16 11:29:30,891,0.0404766855833,0.0250000003725,0
2017-06-16 11:29:30,891,0.0404766855833,0.0,0
2017-06-16 11:29:30,891,0.0404766855833,0.0,0
2017-06-16 11:29:30,891,0.0404766855833,0.0,0
2017-06-15 04:56:10,902,0.0404766855833,0.0,0
2017-06-16 11:29:30,891,0.039100452574,0.0500000007451,0
2017-06-16 11:29:30,891,0.039100452574,0.0,0
2017-06-16 11:29:30,891,0.041176905613,0.0,0
2017-06-16 11:29:30,891,0.041176905613,0.0,0
2017-06-16 11:29:30,891,0.0433264076101,0.0,0
2017-06-15 04:56:10,902,0.0440593058215,0.0,0
2017-06-16 11:29:30,891,0.0440593058215,0.0,0
2017-06-15 04:56:10,902,0.0440593058215,0.0,0
2017-06-15 04:56:10,902,0.0440593058215,0.0,0
2017-06-16 11:29:30,891,0.0440593058215,0.0,0
2017-06-16 11:29:30,891,0.0455499053764,0.0,0
2017-06-15 04:56:10,902,0.0455499053764,0.0,0
2017-06-16 11:29:30,891,0.0455499053764,0.0,0
2017-06-16 11:29:30,891,0.0455499053764,0.0,0
2017-06-16 11:29:30,891,0.0455499053764,0.0,0
2017-06-16 11:29:30,891,0.0455499053764,0.0,0
2017-06-16 11:29:30,891,0.0455499053764,0.0,0
2017-06-16 11:29:30,891,0.0455499053764,0.0,0
2017-06-17 18:02:50,880,0.0455499053764,0.0,0
2017-06-16 11:29:30,891,0.0455499053764,0.0,0
2017-06-16 11:29:30,891,0.0455499053764,0.0,0
2017-06-16 11:29:30,891,0.0455499053764,0.0,0
2017-06-16 11:29:30,891,0.0455499053764,0.0,0
2017-06-16 11:29:30,891,0.0455499053764,0.0,0
2017-06-16 11:29:30,891,0.0455499053764,0.0,0
2017-06-16 11:29:30,891,0.0455499053764,0.0,0
2017-06-16 11:29:30,891,0.0455499053764,0.0,0
2017-06-16 11:29:30,891,0.0455499053764,0.0,0
2017-06-16 11:29:30,891,0.0455499053764,0.0,0
2017-06-16 11:29:30,891,0.0455499053764,0.0,0
2017-06-16 11:29:30,891,0.0455499053764,0.0,0
2017-06-16 11:29:30,891,0.0455499053764,0.0,0
2017-06-16 11:29:30,891,0.0455499053764,0.0,0
2017-06-17 18:02:50,880,0.0455499053764,0.0,0
2017-06-16 11:29:30,891,0.0455499053764,0.0,0
2017-06-16 11:29:30,891,0.0455499053764,0.0,0
2017-06-17 18:02:50,880,0.0455499053764,0.0,0
2017-06-16 11:29:30,891,0.0455499053764,0.0,0
2017-06-17 18:02:50,880,0.0455499053764,0.0,0
2017-06-17 18:02:50,880,0.0455499053764,0.0,0
2017-06-17 18:02:50,880,0.0455499053764,0.0,0
2017-06-17 18:02:50,880,0.0455499053764,0.0,0
2017-06-17 18:02:50,880,0.0455499053764,0.0,0
2017-06-17 18:02:50,880,0.0455499053764,0.0,0
2017-06-17 18:02:50,880,0.0455499053764,0.0,0
2017-06-17 18:02:50,880,0.0455499053764,0.0,0
2017-06-17 18:02:50,880,0.0455499053764,0.0,0
2017-06-17 18:02:50,880,0.0455499053764,0.0,0
2017-06-17 18:02:50,880,0.0455499053764,0.0,0
2017-06-19 00:36:10,869,0.0440593058215,0.0500000007451,0
2017-06-17 18:02:50,880,0.0440593058215,0.0,0
2017-06-17 18:02:50,880,0.0440593058215,0.0,0
2017-06-16 11:29:30,891,0.042843248659,0.0,0
2017-06-17 18:02:50,880,0.042843248659,0.0,0
2017-06-17 18:02:50,880,0.042843248659,0.0,0
2017-06-17 18:02:50,880,0.042843248659,0.0,0
2017-06-17 18:02:50,880,0.042843248659,0.0,0
2017-06-17 18:02:50,880,0.042843248659,0.0,0
2017-06-17 18:02:50,880,0.042843248659,0.0,0
2017-06-17 18:02:50,880,0.0444137869014,0.0,0
2017-06-17 18:02:50,880,0.0444137869014,0.0,0
2017-06-17 18:02:50,880,0.0444137869014,0.0,0
2017-06-17 18:02:50,880,0.0444137869014,0.0,0
2017-06-17 18:02:50,880,0.0444137869014,0.0,0
2017-06-17 18:02:50,880,0.0444137869014,0.0,0
2017-06-19 00:36:10,869,0.0444137869014,0.0,0
2017-06-17 18:02:50,880,0.0444137869014,0.0,0
2017-06-17 18:02:50,880,0.0444137869014,0.0,0
2017-06-19 00:36:10,869,0.0444137869014,0.0,0
2017-06-17 18:02:50,880,0.0444137869014,0.0,0
2017-06-17 18:02:50,880,0.0444137869014,0.0,0
2017-06-17 18:02:50,880,0.0444137869014,0.0,0
2017-06-19 00:36:10,869,0.0444137869014,0.0,0
2017-06-17 18:02:50,880,0.0444137869014,0.0,0
2017-06-19 00:36:10,869,0.0444137869014,0.0,0
2017-06-17 18:02:50,880,0.0444137869014,0.0,0
2017-06-17 18:02:50,880,0.0444137869014,0.0,0
2017-06-19 00:36:10,869,0.0444137869014,0.0,0
2017-06-17 18:02:50,880,0.0444137869014,0.0,0
2017-06-17 18:02:50,880,0.0444137869014,0.0,0
2017-06-17 18:02:50,880,0.0444137869014,0.0,0
2017-06-19 00:36:10,869,0.0444137869014,0.0,0
2017-06-19 00:36:10,869,0.0444137869014,0.0,0
2017-06-19 00:36:10,869,0.0444137869014,0.0,0
2017-06-17 18:02:50,880,0.0444137869014,0.0,0
2017-06-19 00:36:10,869,0.0444137869014,0.0,0
2017-06-19 00:36:10,869,0.0444137869014,0.0,0
2017-06-19 00:36:10,869,0.0444137869014,0.0,0
2017-06-20 07:09:30,858,0.0436237803987,0.0250000003725,0
2017-06-19 00:36:10,869,0.0436237803987,0.0,0
2017-06-20 07:09:30,858,0.042843248659,0.0250000003725,0
2017-06-19 00:36:10,869,0.042843248659,0.0,0
2017-06-19 00:36:10,869,0.042843248659,0.0,0
2017-06-19 00:36:10,869,0.042843248659,0.0,0
2017-06-20 07:09:30,858,0.0420721489967,0.0250000003725,0
2017-06-20 07:09:30,858,0.0413104382696,0.0250000003725,0
2017-06-19 00:36:10,869,0.0413104382696,0.0,0
2017-06-20 07:09:30,858,0.0405580728766,0.0250000003725,0
2017-06-19 00:36:10,869,0.0413104382696,0.0,0
2017-06-19 00:36:10,869,0.0413104382696,0.0,0
2017-06-19 00:36:10,869,0.0420721489967,0.0,0
2017-06-19 00:36:10,869,0.0420721489967,0.0,0
2017-06-19 00:36:10,869,0.0420721489967,0.0,0
2017-06-19 00:36:10,869,0.0420721489967,0.0,0
2017-06-19 00:36:10,869,0.042843248659,0.0,0
2017-06-20 07:09:30,858,0.042843248659,0.0250000003725,0
2017-06-20 07:09:30,858,0.0420721489967,0.0250000003725,0
2017-06-19 00:36:10,869,0.042843248659,0.0,0
2017-06-20 07:09:30,858,0.0420721489967,0.0250000003725,0
2017-06-20 07:09:30,858,0.0420721489967,0.0,0
2017-06-20 07:09:30,858,0.0420721489967,0.0,0
2017-06-20 07:09:30,858,0.0420721489967,0.0,0
2017-06-20 07:09:30,858,0.0420721489967,0.0,0
2017-06-19 00:36:10,869,0.0420721489967,0.0,0
2017-06-20 07:09:30,858,0.0420721489967,0.0,0
2017-06-20 07:09:30,858,0.042843248659,0.0,0
2017-06-20 07:09:30,858,0.0436237803987,0.0,0
2017-06-20 07:09:30,858,0.0436237803987,0.0,0
2017-06-20 07:09:30,858,0.0444137869014,0.0,0
2017-06-20 07:09:30,858,0.0444137869014,0.0,0
2017-06-20 07:09:30,858,0.0444137869014,0.0,0
2017-06-19 00:36:10,869,0.0444137869014,0.0,0
2017-06-20 07:09:30,858,0.0444137869014,0.0,0
2017-06-20 07:09:30,858,0.0444137869014,0.0,0
2017-06-20 07:09:30,858,0.0444137869014,0.0,0
2017-06-19 00:36:10,869,0.0444137869014,0.0,0
2017-06-19 00:36:10,869,0.0444137869014,0.0,0
2017-06-20 07:09:30,858,0.0444137869014,0.0,0
2017-06-19 00:36:10,869,0.0444137869014,0.0,0
2017-06-19 00:36:10,869,0.0444137869014,0.0,0
2017-06-20 07:09:30,858,0.0444137869014,0.0,0
2017-06-20 07:09:30,858,0.0444137869014,0.0,0
2017-06-21 13:42:50,847,0.0444137869014,0.0,0
2017-06-20 07:09:30,858,0.0444137869014,0.0,0
2017-06-20 07:09:30,858,0.0444137869014,0.0,0
2017-06-20 07:09:30,858,0.0444137869014,0.0,0
2017-06-20 07:09:30,858,0.0444137869014,0.0,0
2017-06-20 07:09:30,858,0.0444137869014,0.0,0
2017-06-20 07:09:30,858,0.0444137869014,0.0,0
2017-06-20 07:09:30,858,0.0444137869014,0.0,0
2017-06-21 13:42:50,847,0.0444137869014,0.0,0
2017-06-21 13:42:50,847,0.0436237803987,0.0250000003725,0
2017-06-20 07:09:30,858,0.0436237803987,0.0,0
2017-06-20 07:09:30,858,0.0436237803987,0.0,0
2017-06-21 13:42:50,847,0.0436237803987,0.0,0
2017-06-21 13:42:50,847,0.042843248659,0.0250000003725,0
2017-06-20 07:09:30,858,0.042843248659,0.0,0
2017-06-21 13:42:50,847,0.042843248659,0.0,0
2017-06-20 07:09:30,858,0.042843248659,0.0,0
2017-06-19 00:36:10,869,0.042843248659,0.0,0
2017-06-20 07:09:30,858,0.042843248659,0.0,0
2017-06-20 07:09:30,858,0.0436237803987,0.0,0
2017-06-20 07:09:30,858,0.0425385847074,0.0,0
2017-06-19 00:36:10,869,0.0425385847074,0.0,0
2017-06-21 13:42:50,847,0.0417235379893,0.0250000003725,0
2017-06-20 07:09:30,858,0.0425385847074,0.0,0
2017-06-20 07:09:30,858,0.0425385847074,0.0,0
2017-06-20 07:09:30,858,0.0425385847074,0.0,0
2017-06-21 13:42:50,847,0.0425385847074,0.0,0
2017-06-20 07:09:30,858,0.0425385847074,0.0,0
2017-06-21 13:42:50,847,0.0425385847074,0.0,0
2017-06-21 13:42:50,847,0.0425385847074,0.0,0
2017-06-21 13:42:50,847,0.0425385847074,0.0,0
2017-06-22 20:16:10,836,0.0401251222248,0.0750000029802,0
2017-06-21 13:42:50,847,0.0409190679774,0.0,0
2017-06-19 00:36:10,869,0.0409190679774,0.0,0
2017-06-17 18:02:50,880,0.0409190679774,0.0,0
2017-06-17 18:02:50,880,0.0409190679774,0.0,0
2017-06-19 00:36:10,869,0.0409190679774,0.0,0
2017-06-21 13:42:50,847,0.0409190679774,0.0,0
2017-06-19 00:36:10,869,0.0409190679774,0.0,0
2017-06-19 00:36:10,869,0.0409190679774,0.0,0
2017-06-20 07:09:30,858,0.0409190679774,0.0,0
2017-06-20 07:09:30,858,0.0433642601715,0.0,0
2017-06-20 07:09:30,858,0.0433642601715,0.0,0
2017-06-19 00:36:10,869,0.0433642601715,0.0,0
2017-06-19 00:36:10,869,0.0433642601715,0.0,0
2017-06-19 00:36:10,869,0.0433642601715,0.0,0
2017-06-20 07:09:30,858,0.0433642601715,0.0,0
2017-06-19 00:36:10,869,0.0433642601715,0.0,0
2017-06-21 13:42:50,847,0.0433642601715,0.0,0
2017-06-22 20:16:10,836,0.0409190679774,0.0750000029802,0
2017-06-19 00:36:10,869,0.0409190679774,0.0,0
2017-06-19 00:36:10,869,0.0409190679774,0.0,0
2017-06-22 20:16:10,836,0.0393416475158,0.0500000007451,0
2017-06-22 20:16:10,836,0.0393416475158,0.0,0
2017-06-22 20:16:10,836,0.0393416475158,0.0,0
2017-06-22 20:16:10,836,0.0393416475158,0.0,0
2017-06-22 20:16:10,836,0.0393416475158,0.0,0
2017-06-20 07:09:30,858,0.0393416475158,0.0,0
2017-06-19 00:36:10,869,0.0393416475158,0.0,0
2017-06-20 07:09:30,858,0.0417235379893,0.0,0
2017-06-20 07:09:30,858,0.0417235379893,0.0,0
2017-06-20 07:09:30,858,0.0417235379893,0.0,0
2017-06-16 11:29:30,891,0.0433642601715,0.0,0
2017-06-20 07:09:30,858,0.0433642601715,0.0,0
2017-06-16 11:29:30,891,0.0433642601715,0.0,0
2017-06-21 13:42:50,847,0.0433642601715,0.0,0
2017-06-22 20:16:10,836,0.0417235379893,0.0500000007451,0
2017-06-19 00:36:10,869,0.0417235379893,0.0,0
2017-06-20 07:09:30,858,0.0417235379893,0.0,0
2017-06-22 20:16:10,836,0.0401251222836,0.0500000007451,0
2017-06-22 20:16:10,836,0.0401251222836,0.0,0
2017-06-24 02:49:30,825,0.0401251222836,0.0,0
2017-06-24 02:49:30,825,0.0401251222836,0.0,0
2017-06-24 02:49:30,825,0.0401251222836,0.0,0
2017-06-24 02:49:30,825,0.0401251222836,0.0,0
2017-06-24 02:49:30,825,0.0401251222836,0.0,0
2017-06-22 20:16:10,836,0.0409190680369,0.0250000003725,0
2017-06-20 07:09:30,858,0.0409190680369,0.0,0
2017-06-21 13:42:50,847,0.0409190680369,0.0,0
2017-06-24 02:49:30,825,0.0425385847074,0.0,0
2017-06-24 02:49:30,825,0.0425385847074,0.0,0
2017-06-20 07:09:30,858,0.0425385847074,0.0,0
2017-06-19 00:36:10,869,0.0425385847074,0.0,0
2017-06-19 00:36:10,869,0.0425385847074,0.0,0
2017-06-17 18:02:50,880,0.0425385847074,0.0,0
2017-06-17 18:02:50,880,0.0425385847074,0.0,0
2017-06-19 00:36:10,869,0.0433642601715,0.0,0
2017-06-22 20:16:10,836,0.0433642601715,0.0,0
2017-06-24 02:49:30,825,0.0433642601715,0.0,0
2017-06-24 02:49:30,825,0.0433642601715,0.0,0
2017-06-24 02:49:30,825,0.0433642601715,0.0,0
2017-06-24 02:49:30,825,0.0433642601715,0.0,0
2017-06-24 02:49:30,825,0.0433642601715,0.0,0
2017-06-24 02:49:30,825,0.0433642601715,0.0,0
2017-06-24 02:49:30,825,0.0433642601715,0.0,0
2017-06-20 07:09:30,858,0.0433642601715,0.0,0
2017-06-19 00:36:10,869,0.0433642601715,0.0,0
2017-06-19 00:36:10,869,0.0433642601715,0.0,0
2017-06-19 00:36:10,869,0.0433642601715,0.0,0
2017-06-19 00:36:10,869,0.0433642601715,0.0,0
2017-06-16 11:29:30,891,0.0433642601715,0.0,0
2017-06-17 18:02:50,880,0.0433642601715,0.0,0
2017-06-17 18:02:50,880,0.0433642601715,0.0,0
2017-06-19 00:36:10,869,0.0433642601715,0.0,0
2017-06-17 18:02:50,880,0.0433642601715,0.0,0
2017-06-16 11:29:30,891,0.0433642601715,0.0,0
2017-06-16 11:29:30,891,0.0433642601715,0.0,0
2017-06-19 00:36:10,869,0.0433642601715,0.0,0
2017-06-17 18:02:50,880,0.0433642601715,0.0,0
2017-06-20 07:09:30,858,0.0433642601715,0.0,0
2017-06-20 07:09:30,858,0.0433642601715,0.0,0
2017-06-20 07:09:30,858,0.0433642601715,0.0,0
2017-06-20 07:09:30,858,0.0433642601715,0.0,0
2017-06-20 07:09:30,858,0.0433642601715,0.0,0
2017-06-24 02:49:30,825,0.0433642601715,0.0,0
2017-06-25 09:22:50,814,0.0433642601715,0.0,0
2017-06-24 02:49:30,825,0.0433642601715,0.0,0
2017-06-24 02:49:30,825,0.0433642601715,0.0,0
2017-06-25 09:22:50,814,0.0433642601715,0.0,0
2017-06-25 09:22:50,814,0.0433642601715,0.0,0
2017-06-25 09:22:50,814,0.0425676073725,0.0,0
2017-06-25 09:22:50,814,0.0425676073725,0.0,0
2017-06-25 09:22:50,814,0.0425676073725,0.0,0
2017-06-25 09:22:50,814,0.0425676073725,0.0,0
2017-06-25 09:22:50,814,0.0425676073725,0.0,0
2017-06-25 09:22:50,814,0.0425676073725,0.0,0
2017-06-25 09:22:50,814,0.0425676073725,0.0,0
2017-06-25 09:22:50,814,0.0425676073725,0.0,0
2017-06-25 09:22:50,814,0.0425676073725,0.0,0
2017-06-25 09:22:50,814,0.0425676073725,0.0,0
2017-06-21 13:42:50,847,0.0425676073725,0.0,0
2017-06-24 02:49:30,825,0.0425676073725,0.0,0
2017-06-25 09:22:50,814,0.0425676073725,0.0,0
2017-06-21 13:42:50,847,0.0425676073725,0.0,0
2017-06-21 13:42:50,847,0.0425676073725,0.0,0
2017-06-25 09:22:50,814,0.0425676073725,0.0,0
2017-06-25 09:22:50,814,0.0425676073725,0.0,0
2017-06-25 09:22:50,814,0.0425676073725,0.0,0
2017-06-25 09:22:50,814,0.0425676073725,0.0,0
2017-06-25 09:22:50,814,0.0425676073725,0.0,0
2017-06-25 09:22:50,814,0.0425676073725,0.0,0
2017-06-26 15:56:10,803,0.0425676073725,0.0,0
2017-06-26 15:56:10,803,0.0425676073725,0.0,0
2017-06-26 15:56:10,803,0.0425676073725,0.0,0
2017-06-26 15:56:10,803,0.0425676073725,0.0,0
2017-06-26 15:56:10,803,0.0425676073725,0.0,0
2017-06-26 15:56:10,803,0.0425676073725,0.0,0
2017-06-26 15:56:10,803,0.0425676073725,0.0,0
2017-06-26 15:56:10,803,0.0425676073725,0.0,0
2017-06-26 15:56:10,803,0.0425676073725,0.0,0
2017-06-26 15:56:10,803,0.0425676073725,0.0,0
2017-06-26 15:56:10,803,0.0425676073725,0.0,0
2017-06-26 15:56:10,803,0.0425676073725,0.0,0
2017-06-26 15:56:10,803,0.0425676073725,0.0,0
2017-06-25 09:22:50,814,0.0425676073725,0.0,0
2017-06-19 00:36:10,869,0.0425676073725,0.0,0
2017-06-17 18:02:50,880,0.0425676073725,0.0,0
2017-06-19 00:36:10,869,0.0425676073725,0.0,0
2017-06-25 09:22:50,814,0.0425676073725,0.0,0
2017-06-26 15:56:10,803,0.0425676073725,0.0,0
2017-06-26 15:56:10,803,0.0425676073725,0.0,0
2017-06-26 15:56:10,803,0.0425676073725,0.0,0
2017-06-19 00:36:10,869,0.0425676073725,0.0,0
2017-06-25 09:22:50,814,0.0425676073725,0.0,0
2017-06-25 09:22:50,814,0.0425676073725,0.0,0
2017-06-24 02:49:30,825,0.0425676073725,0.0,0
2017-06-17 18:02:50,880,0.0425676073725,0.0,0
2017-06-19 00:36:10,869,0.0425676073725,0.0,0
2017-06-26 15:56:10,803,0.0425676073725,0.0,0
2017-06-26 15:56:10,803,0.0425676073725,0.0,0
2017-06-26 15:56:10,803,0.0425676073725,0.0,0
2017-06-20 07:09:30,858,0.0425676073725,0.0,0
2017-07-01 18:09:30,759,0.0408580313967,0.0500000007451,0
2017-07-01 18:09:30,759,0.0383814761686,0.0750000029802,0
2017-07-01 18:09:30,759,0.0367882390844,0.0500000007451,0
2017-07-01 18:09:30,759,0.0352406345899,0.0500000007451,0
2017-06-26 15:56:10,803,0.0352406345899,0.0,0
2017-06-26 15:56:10,803,0.0352406345899,0.0,0
2017-06-29 05:02:50,781,0.0330036177589,0.0750000029802,0
2017-07-01 18:09:30,759,0.0315677327014,0.0500000007451,0
2017-07-01 18:09:30,759,0.0301755589256,0.0500000007451,0
2017-06-26 15:56:10,803,0.0301755589256,0.0,0
2017-06-20 07:09:30,858,0.0315677327014,0.0,0
2017-06-20 07:09:30,858,0.0337381288099,0.0,0
2017-06-17 18:02:50,880,0.0352406345899,0.0,0
2017-06-19 00:36:10,869,0.0367882390844,0.0,0
2017-06-17 18:02:50,880,0.0367882390844,0.0,0
2017-06-17 18:02:50,880,0.0367882390844,0.0,0
2017-06-16 11:29:30,891,0.0391953705556,0.0,0
2017-06-15 04:56:10,902,0.0408580313967,0.0,0
2017-06-19 00:36:10,869,0.0425676073725,0.0,0
2017-06-24 02:49:30,825,0.0425676073725,0.0,0
2017-06-20 07:09:30,858,0.0425676073725,0.0,0
2017-06-21 13:42:50,847,0.0425676073725,0.0,0
2017-06-19 00:36:10,869,0.0425676073725,0.0,0
2017-06-19 00:36:10,869,0.0425676073725,0.0,0
2017-06-20 07:09:30,858,0.0425676073725,0.0,0
2017-06-22 20:16:10,836,0.0425676073725,0.0,0
2017-06-26 15:56:10,803,0.0425676073725,0.0,0
2017-06-27 22:29:30,792,0.0425676073725,0.0,0
2017-06-27 22:29:30,792,0.0425676073725,0.0,0
2017-06-26 15:56:10,803,0.0425676073725,0.0,0
2017-06-22 20:16:10,836,0.0425676073725,0.0,0
2017-06-19 00:36:10,869,0.0425676073725,0.0,0
2017-06-17 18:02:50,880,0.0425676073725,0.0,0
2017-06-20 07:09:30,858,0.0425676073725,0.0,0
2017-06-19 00:36:10,869,0.0425676073725,0.0,0
2017-06-19 00:36:10,869,0.0425676073725,0.0,0
2017-06-19 00:36:10,869,0.0425676073725,0.0,0
2017-06-19 00:36:10,869,0.0425676073725,0.0,0
2017-06-20 07:09:30,858,0.0425676073725,0.0,0
2017-06-17 18:02:50,880,0.0425676073725,0.0,0
2017-06-19 00:36:10,869,0.0425676073725,0.0,0
2017-06-19 00:36:10,869,0.0425676073725,0.0,0
2017-06-19 00:36:10,869,0.0425676073725,0.0,0
2017-06-20 07:09:30,858,0.0425676073725,0.0,0
2017-06-19 00:36:10,869,0.0425676073725,0.0,0
2017-06-24 02:49:30,825,0.0425676073725,0.0,0
2017-07-04 07:16:10,737,0.038381476289,0.125,0
2017-07-04 07:16:10,737,0.0367882392014,0.0500000007451,0
2017-07-04 07:16:10,737,0.0351464996241,0.0250000003725,0
2017-07-04 07:16:10,737,0.0343533779443,0.0250000003725,0
2017-07-04 07:16:10,737,0.0335726043834,0.0250000003725,0
2017-07-05 13:49:30,726,0.0320477820701,0.0500000007451,0
2017-07-05 13:49:30,726,0.0305713843871,0.0500000007451,0
2017-07-05 13:49:30,726,0.0310849637557,0.0500000007451,0
2017-07-04 07:16:10,737,0.0325783112896,0.0500000007451,0
2017-07-03 00:42:50,748,0.0349097608832,0.0750000029802,0
2017-06-22 20:16:10,836,0.0310849638652,0.0,0
2017-06-19 00:36:10,869,0.0305713842789,0.0,0
2017-06-21 13:42:50,847,0.0313035711339,0.0,0
2017-06-20 07:09:30,858,0.0320477819583,0.0,0
2017-06-17 18:02:50,880,0.0328040991707,0.0,0
2017-06-19 00:36:10,869,0.034353377827,0.0,0
2017-06-19 00:36:10,869,0.0359520480418,0.0,0
2017-06-19 00:36:10,869,0.0376007360774,0.0,0
2017-06-24 02:49:30,825,0.0393000535947,0.0,0
2017-06-20 07:09:30,858,0.0419452625655,0.0,0
2017-06-19 00:36:10,869,0.0419452625655,0.0,0
2017-06-21 13:42:50,847,0.0419452625655,0.0,0
2017-06-20 07:09:30,858,0.0419452625655,0.0,0
2017-06-21 13:42:50,847,0.0419452625655,0.0,0
2017-06-20 07:09:30,858,0.0419452625655,0.0,0
2017-07-04 07:16:10,737,0.0401688856497,0.0500000007451,0
2017-07-05 13:49:30,726,0.039300053659,0.0250000003725,0
2017-07-04 07:16:10,737,0.0376007361398,0.0500000007451,0
2017-07-06 20:22:50,715,0.0320477821819,0.17499999702,0
2017-07-06 20:22:50,715,0.0333431895661,0.17499999702,0
2017-07-06 20:22:50,715,0.0373528367087,0.125,0
2017-07-06 20:22:50,715,0.0407875046436,0.10000000149,0
2017-07-05 13:49:30,726,0.0425821318911,0.0500000007451,0
2017-07-06 20:22:50,715,0.0482819928504,0.15000000596,0
2017-07-05 13:49:30,726,0.0502890817461,0.0500000007451,0
2017-07-05 13:49:30,726,0.049278764458,0.0250000003725,0
2017-07-05 13:49:30,726,0.049278764458,0.0250000003725,0
2017-06-19 00:36:10,869,0.0472987020855,0.0,0
2017-06-19 00:36:10,869,0.0407875049731,0.0,0
2017-06-19 00:36:10,869,0.0349097609424,0.0,0
2017-06-19 00:36:10,869,0.0310849639199,0.0,0
2017-07-04 07:16:10,737,0.0303563305383,0.0750000029802,0
2017-06-22 20:16:10,836,0.0313035710239,0.0,0
2017-06-19 00:36:10,869,0.0359520480418,0.0,0
2017-06-17 18:02:50,880,0.0376007360774,0.0,0
2017-06-19 00:36:10,869,0.0384440284899,0.0,0
2017-06-20 07:09:30,858,0.0393000535947,0.0,0
2017-06-17 18:02:50,880,0.0393000535947,0.0,0
2017-06-19 00:36:10,869,0.0393000535947,0.0,0
2017-06-17 18:02:50,880,0.0393000535947,0.0,0
2017-06-17 18:02:50,880,0.0393000535947,0.0,0
2017-06-24 02:49:30,825,0.0419452625655,0.0,0
2017-06-17 18:02:50,880,0.0419452625655,0.0,0
2017-06-17 18:02:50,880,0.0419452625655,0.0,0
2017-06-20 07:09:30,858,0.0419452625655,0.0,0
2017-06-15 04:56:10,902,0.0419452625655,0.0,0
2017-06-16 11:29:30,891,0.0419452625655,0.0,0
2017-06-16 11:29:30,891,0.0419452625655,0.0,0
2017-06-17 18:02:50,880,0.0419452625655,0.0,0
2017-06-20 07:09:30,858,0.0419452625655,0.0,0
2017-06-22 20:16:10,836,0.0419452625655,0.0,0
2017-06-20 07:09:30,858,0.0419452625655,0.0,0
2017-06-20 07:09:30,858,0.0419452625655,0.0,0
2017-06-12 15:49:30,924,0.0419452625655,0.0,0
2017-06-17 18:02:50,880,0.0419452625655,0.0,0
2017-06-15 04:56:10,902,0.0419452625655,0.0,0
2017-06-16 11:29:30,891,0.0419452625655,0.0,0
2017-06-20 07:09:30,858,0.0419452625655,0.0,0
2017-06-17 18:02:50,880,0.0419452625655,0.0,0
2017-06-20 07:09:30,858,0.0419452625655,0.0,0
2017-06-20 07:09:30,858,0.0419452625655,0.0,0
2017-06-17 18:02:50,880,0.0419452625655,0.0,0
2017-06-15 04:56:10,902,0.0419452625655,0.0,0
2017-06-15 04:56:10,902,0.0419452625655,0.0,0
2017-06-15 04:56:10,902,0.0419452625655,0.0,0
2017-06-13 22:22:50,913,0.0419452625655,0.0,0
2017-08-03 20:36:10,473,0.0325783107808,0.449999988079,0
2017-08-07 16:16:10,440,0.0634919288279,0.800000011921,0
2017-06-20 07:09:30,858,0.122840076137,1.0,0
2017-06-20 07:09:30,858,0.122840076137,0.0,0
2017-06-20 07:09:30,858,0.122840076137,0.0,0
2017-06-20 07:09:30,858,0.122840076137,0.0,0
2017-06-20 07:09:30,858,0.122840076137,0.0,0
2017-06-20 07:09:30,858,0.122840076137,0.0,0
2017-06-20 07:09:30,858,0.122840076137,0.0,0
2017-06-20 07:09:30,858,0.122840076137,0.0,0
2017-06-20 07:09:30,858,0.093110323223,0.0,0
2017-06-20 07:09:30,858,0.0523506082935,0.0,0
2017-06-20 07:09:30,858,0.0419452625655,0.0,0
2017-06-20 07:09:30,858,0.0419452625655,0.0,0
2017-06-20 07:09:30,858,0.0419452625655,0.0,0
2017-06-20 07:09:30,858,0.0419452625655,0.0,0
2017-06-19 00:36:10,869,0.0419452625655,0.0,0
2017-06-19 00:36:10,869,0.0419452625655,0.0,0
2017-06-20 07:09:30,858,0.0419452625655,0.0,0
2017-06-21 13:42:50,847,0.0419452625655,0.0,0
2017-06-19 00:36:10,869,0.0419452625655,0.0,0
2017-06-19 00:36:10,869,0.0419452625655,0.0,0
2017-06-19 00:36:10,869,0.0419452625655,0.0,0
2017-06-19 00:36:10,869,0.0419452625655,0.0,0
2017-06-21 13:42:50,847,0.0419452625655,0.0,0
2017-06-20 07:09:30,858,0.0419452625655,0.0,0
2017-06-20 07:09:30,858,0.0424613487786,0.0,0
2017-06-19 00:36:10,869,0.0424613487786,0.0,0
2017-06-19 00:36:10,869,0.0424613487786,0.0,0
2017-06-19 00:36:10,869,0.0424613487786,0.0,0
2017-06-19 00:36:10,869,0.0424613487786,0.0,0
2017-06-20 07:09:30,858,0.0424613487786,0.0,0
2017-06-20 07:09:30,858,0.0424613487786,0.0,0
2017-06-19 00:36:10,869,0.0424613487786,0.0,0
2017-06-19 00:36:10,869,0.0424613487786,0.0,0
2017-06-19 00:36:10,869,0.0424613487786,0.0,0
2017-06-20 07:09:30,858,0.0424613487786,0.0,0
2017-06-20 07:09:30,858,0.0424613487786,0.0,0
2017-06-19 00:36:10,869,0.0424613487786,0.0,0
2017-06-20 07:09:30,858,0.0424613487786,0.0,0
2017-06-20 07:09:30,858,0.0424613487786,0.0,0
2017-06-20 07:09:30,858,0.0424613487786,0.0,0
2017-06-20 07:09:30,858,0.0424613487786,0.0,0
2017-06-20 07:09:30,858,0.0424613487786,0.0,0
2017-06-20 07:09:30,858,0.0424613487786,0.0,0
2017-06-20 07:09:30,858,0.0424613487786,0.0,0
2017-06-20 07:09:30,858,0.0424613487786,0.0,0
2017-06-20 07:09:30,858,0.0424613487786,0.0,0
2017-06-20 07:09:30,858,0.0424613487786,0.0,0
2017-06-20 07:09:30,858,0.0424613487786,0.0,0
2017-06-20 07:09:30,858,0.0424613487786,0.0,0
2017-06-20 07:09:30,858,0.0424613487786,0.0,0
2017-06-20 07:09:30,858,0.0424613487786,0.0,0
2017-06-20 07:09:30,858,0.0424613487786,0.0,0
2017-06-20 07:09:30,858,0.0424613487786,0.0,0
2017-06-20 07:09:30,858,0.0424613487786,0.0,0
2017-06-20 07:09:30,858,0.0424613487786,0.0,0
2017-06-20 07:09:30,858,0.0424613487786,0.0,0
2017-06-20 07:09:30,858,0.0424613487786,0.0,0
2017-06-20 07:09:30,858,0.0424613487786,0.0,0
2017-06-20 07:09:30,858,0.0424613487786,0.0,0
2017-06-20 07:09:30,858,0.0424613487786,0.0,0
2017-06-20 07:09:30,858,0.0424613487786,0.0,0
2017-06-21 13:42:50,847,0.0424613487786,0.0,0
2017-06-21 13:42:50,847,0.0424613487786,0.0,0
2017-06-20 07:09:30,858,0.0424613487786,0.0,0
2017-06-20 07:09:30,858,0.0424613487786,0.0,0
2017-06-20 07:09:30,858,0.0424613487786,0.0,0
2017-06-20 07:09:30,858,0.0424613487786,0.0,0
2017-06-20 07:09:30,858,0.0424613487786,0.0,0
2017-06-20 07:09:30,858,0.0424613487786,0.0,0
2017-06-20 07:09:30,858,0.0424613487786,0.0,0
2017-06-20 07:09:30,858,0.0424613487786,0.0,0
2017-06-20 07:09:30,858,0.0424613487786,0.0,0
2017-06-20 07:09:30,858,0.0424613487786,0.0,0
2017-06-20 07:09:30,858,0.0424613487786,0.0,0
2017-06-20 07:09:30,858,0.0424613487786,0.0,0
2017-06-20 07:09:30,858,0.0424613487786,0.0,0
2017-06-20 07:09:30,858,0.0424613487786,0.0,0
2017-06-20 07:09:30,858,0.0424613487786,0.0,0
2017-06-20 07:09:30,858,0.0424613487786,0.0,0
2017-06-20 07:09:30,858,0.0424613487786,0.0,0
2017-06-20 07:09:30,858,0.0424613487786,0.0,0
2017-06-20 07:09:30,858,0.0424613487786,0.0,0
2017-06-20 07:09:30,858,0.0424613487786,0.0,0
2017-06-20 07:09:30,858,0.0424613487786,0.0,0
2017-06-20 07:09:30,858,0.0424613487786,0.0,0
2017-06-20 07:09:30,858,0.0424613487786,0.0,0
2017-06-20 07:09:30,858,0.0424613487786,0.0,0
2017-06-20 07:09:30,858,0.0424613487786,0.0,0
2017-06-21 13:42:50,847,0.0424613487786,0.0,0
2017-06-21 13:42:50,847,0.0424613487786,0.0,0
2017-06-21 13:42:50,847,0.0424613487786,0.0,0
2017-06-21 13:42:50,847,0.0424613487786,0.0,0
2017-06-21 13:42:50,847,0.0424613487786,0.0,0
2017-06-20 07:09:30,858,0.0424613487786,0.0,0
2017-06-20 07:09:30,858,0.0424613487786,0.0,0
2017-06-20 07:09:30,858,0.0424613487786,0.0,0
2017-06-20 07:09:30,858,0.0424613487786,0.0,0
2017-06-20 07:09:30,858,0.0424613487786,0.0,0
2017-06-20 07:09:30,858,0.0424613487786,0.0,0
2017-06-20 07:09:30,858,0.0424613487786,0.0,0
2017-06-20 07:09:30,858,0.0424613487786,0.0,0
2017-06-20 07:09:30,858,0.0424613487786,0.0,0
2017-06-20 07:09:30,858,0.0424613487786,0.0,0
2017-06-20 07:09:30,858,0.0424613487786,0.0,0
2017-06-20 07:09:30,858,0.0424613487786,0.0,0
2017-06-20 07:09:30,858,0.0424613487786,0.0,0
2017-06-20 07:09:30,858,0.0424613487786,0.0,0
2017-06-20 07:09:30,858,0.0424613487786,0.0,0
2017-06-20 07:09:30,858,0.0424613487786,0.0,0
2017-06-20 07:09:30,858,0.0424613487786,0.0,0
2017-06-20 07:09:30,858,0.0424613487786,0.0,0
2017-06-20 07:09:30,858,0.0424613487786,0.0,0
2017-06-20 07:09:30,858,0.0424613487786,0.0,0
2017-06-20 07:09:30,858,0.0424613487786,0.0,0
2017-06-20 07:09:30,858,0.0424613487786,0.0,0
2017-06-20 07:09:30,858,0.0424613487786,0.0,0
2017-06-20 07:09:30,858,0.0424613487786,0.0,0
2017-06-20 07:09:30,858,0.0424613487786,0.0,0
2017-06-20 07:09:30,858,0.0424613487786,0.0,0
2017-06-20 07:09:30,858,0.0424613487786,0.0,0
2017-06-20 07:09:30,858,0.0424613487786,0.0,0
2017-06-20 07:09:30,858,0.0424613487786,0.0,0
2017-06-20 07:09:30,858,0.0424613487786,0.0,0
2017-06-20 07:09:30,858,0.0424613487786,0.0,0
2017-06-20 07:09:30,858,0.04181425553,0.0,0
2017-06-20 07:09:30,858,0.04181425553,0.0,0
2017-06-20 07:09:30,858,0.04181425553,0.0,0
2017-06-20 07:09:30,858,0.04181425553,0.0,0
2017-06-20 07:09:30,858,0.04181425553,0.0,0
2017-06-20 07:09:30,858,0.04181425553,0.0,0
2017-06-21 13:42:50,847,0.04181425553,0.0,0
2017-06-20 07:09:30,858,0.04181425553,0.0,0
2017-06-20 07:09:30,858,0.04181425553,0.0,0
2017-06-20 07:09:30,858,0.04181425553,0.0,0
2017-06-20 07:09:30,858,0.04181425553,0.0,0
2017-06-19 00:36:10,869,0.04181425553,0.0,0
2017-06-20 07:09:30,858,0.04181425553,0.0,0
2017-06-20 07:09:30,858,0.04181425553,0.0,0
2017-06-20 07:09:30,858,0.04181425553,0.0,0
2017-06-20 07:09:30,858,0.04181425553,0.0,0
2017-06-20 07:09:30,858,0.04181425553,0.0,0
2017-06-20 07:09:30,858,0.04181425553,0.0,0
2017-06-22 20:16:10,836,0.04181425553,0.0,0
2017-06-20 07:09:30,858,0.04181425553,0.0,0
2017-06-20 07:09:30,858,0.04181425553,0.0,0
2017-06-20 07:09:30,858,0.04181425553,0.0,0
2017-06-20 07:09:30,858,0.04181425553,0.0,0
2017-06-20 07:09:30,858,0.04181425553,0.0,0
2017-06-20 07:09:30,858,0.04181425553,0.0,0
2017-06-20 07:09:30,858,0.04181425553,0.0,0
2017-06-20 07:09:30,858,0.04181425553,0.0,0
2017-06-20 07:09:30,858,0.04181425553,0.0,0
2017-06-21 13:42:50,847,0.04181425553,0.0,0
2017-06-20 07:09:30,858,0.04181425553,0.0,0
2017-06-20 07:09:30,858,0.04181425553,0.0,0
2017-06-20 07:09:30,858,0.04181425553,0.0,0
2017-06-20 07:09:30,858,0.04181425553,0.0,0
2017-06-20 07:09:30,858,0.04181425553,0.0,0
2017-06-20 07:09:30,858,0.04181425553,0.0,0
2017-06-20 07:09:30,858,0.04181425553,0.0,0
2017-06-20 07:09:30,858,0.04181425553,0.0,0
2017-06-20 07:09:30,858,0.04181425553,0.0,0
2017-06-20 07:09:30,858,0.04181425553,0.0,0
2017-06-20 07:09:30,858,0.04181425553,0.0,0
2017-06-20 07:09:30,858,0.04181425553,0.0,0
2017-06-20 07:09:30,858,0.04181425553,0.0,0
2017-06-20 07:09:30,858,0.04181425553,0.0,0
2017-06-20 07:09:30,858,0.04181425553,0.0,0
2017-06-20 07:09:30,858,0.04181425553,0.0,0
2017-06-20 07:09:30,858,0.04181425553,0.0,0
2017-06-19 00:36:10,869,0.04181425553,0.0,0
2017-06-20 07:09:30,858,0.04181425553,0.0,0
2017-06-20 07:09:30,858,0.04181425553,0.0,0
2017-06-20 07:09:30,858,0.04181425553,0.0,0
2017-06-20 07:09:30,858,0.04181425553,0.0,0
2017-06-19 00:36:10,869,0.04181425553,0.0,0
2017-06-20 07:09:30,858,0.04181425553,0.0,0
2017-06-21 13:42:50,847,0.04181425553,0.0,0
2017-06-19 00:36:10,869,0.04181425553,0.0,0
2017-06-22 20:16:10,836,0.04181425553,0.0,0
2017-06-22 20:16:10,836,0.04181425553,0.0,0
2017-06-19 00:36:10,869,0.04181425553,0.0,0
2017-06-20 07:09:30,858,0.04181425553,0.0,0
2017-06-19 00:36:10,869,0.04181425553,0.0,0
2017-06-20 07:09:30,858,0.04181425553,0.0,0
2017-06-20 07:09:30,858,0.04181425553,0.0,0
2017-06-20 07:09:30,858,0.04181425553,0.0,0
2017-06-20 07:09:30,858,0.04181425553,0.0,0
2017-06-20 07:09:30,858,0.04181425553,0.0,0
2017-06-20 07:09:30,858,0.04181425553,0.0,0
2017-06-20 07:09:30,858,0.04181425553,0.0,0
2017-06-22 20:16:10,836,0.04181425553,0.0,0
2017-06-20 07:09:30,858,0.04181425553,0.0,0
2017-06-21 13:42:50,847,0.04181425553,0.0,0
2017-06-20 07:09:30,858,0.04181425553,0.0,0
2017-06-20 07:09:30,858,0.04181425553,0.0,0
2017-06-20 07:09:30,858,0.04181425553,0.0,0
2017-06-20 07:09:30,858,0.04181425553,0.0,0
2017-06-20 07:09:30,858,0.04181425553,0.0,0
2017-06-20 07:09:30,858,0.04181425553,0.0,0
2017-06-20 07:09:30,858,0.04181425553,0.0,0
2017-06-20 07:09:30,858,0.04181425553,0.0,0
2017-06-20 07:09:30,858,0.04181425553,0.0,0
2017-06-21 13:42:50,847,0.04181425553,0.0,0
2017-06-25 09:22:50,814,0.04181425553,0.0,0
2017-06-20 07:09:30,858,0.04181425553,0.0,0
2017-06-21 13:42:50,847,0.04181425553,0.0,0
2017-08-17 20:42:50,352,0.0329228498904,0.425000011921,0
2017-06-21 13:42:50,847,0.0781137598077,1.0,0
2017-06-21 13:42:50,847,0.0781137598077,0.0,0
2017-06-22 20:16:10,836,0.0781137598077,0.0,0
2017-06-19 00:36:10,869,0.0781137598077,0.0,0
2017-06-19 00:36:10,869,0.0781137598077,0.0,0
2017-06-20 07:09:30,858,0.0781137598077,0.0,0
2017-06-19 00:36:10,869,0.0781137598077,0.0,0
2017-06-19 00:36:10,869,0.0781137598077,0.0,0
2017-06-20 07:09:30,858,0.0781137598077,0.0,0
2017-06-20 07:09:30,858,0.0557859375644,0.0,0
2017-06-21 13:42:50,847,0.04181425553,0.0,0
2017-06-20 07:09:30,858,0.04181425553,0.0,0
2017-06-20 07:09:30,858,0.04181425553,0.0,0
2017-06-21 13:42:50,847,0.04181425553,0.0,0
2017-06-20 07:09:30,858,0.04181425553,0.0,0
2017-06-20 07:09:30,858,0.04181425553,0.0,0
2017-06-20 07:09:30,858,0.0416539731206,0.0,0
2017-06-20 07:09:30,858,0.0416539731206,0.0,0
2017-06-20 07:09:30,858,0.0416539731206,0.0,0
2017-06-20 07:09:30,858,0.0416539731206,0.0,0
2017-06-21 13:42:50,847,0.0416539731206,0.0,0
2017-06-21 13:42:50,847,0.0416539731206,0.0,0
2017-06-19 00:36:10,869,0.0416539731206,0.0,0
2017-06-20 07:09:30,858,0.0416539731206,0.0,0
2017-06-20 07:09:30,858,0.0416539731206,0.0,0
2017-06-20 07:09:30,858,0.0416539731206,0.0,0
2017-06-20 07:09:30,858,0.0416539731206,0.0,0
2017-06-20 07:09:30,858,0.0416539731206,0.0,0
2017-06-21 13:42:50,847,0.0416539731206,0.0,0
2017-06-20 07:09:30,858,0.0416539731206,0.0,0
2017-06-20 07:09:30,858,0.0416539731206,0.0,0
2017-06-20 07:09:30,858,0.0416539731206,0.0,0
2017-06-19 00:36:10,869,0.0416539731206,0.0,0
2017-06-20 07:09:30,858,0.0416539731206,0.0,0
2017-08-20 09:49:30,330,0.0307997709614,0.300000011921,0
2017-06-19 00:36:10,869,0.0389889118185,0.27500000596,0
2017-06-17 18:02:50,880,0.0389889118185,0.0,0
2017-06-24 02:49:30,825,0.0389889118185,0.0,0
2017-06-17 18:02:50,880,0.0389889118185,0.0,0
2017-08-19 03:16:10,341,0.0551538761396,0.375,0
2017-06-21 13:42:50,847,0.11784380505,1.0,0
2017-06-20 07:09:30,858,0.11784380505,0.0,0
2017-06-20 07:09:30,858,0.11784380505,0.0,0
2017-06-20 07:09:30,858,0.11784380505,0.0,0
2017-06-20 07:09:30,858,0.0958818243545,0.0,0
2017-06-20 07:09:30,858,0.0781685583235,0.0,0
2017-06-20 07:09:30,858,0.0781685583235,0.0,0
2017-06-20 07:09:30,858,0.0781685583235,0.0,0
2017-06-20 07:09:30,858,0.0781685583235,0.0,0
2017-06-21 13:42:50,847,0.0575956749451,0.0,0
2017-06-19 00:36:10,869,0.0416539731206,0.0,0
2017-06-20 07:09:30,858,0.0416539731206,0.0,0
2017-06-20 07:09:30,858,0.0416539731206,0.0,0
2017-06-19 00:36:10,869,0.0416539731206,0.0,0
2017-06-20 07:09:30,858,0.0416539731206,0.0,0
2017-06-20 07:09:30,858,0.0416539731206,0.0,0
2017-06-20 07:09:30,858,0.0416539731206,0.0,0
2017-06-20 07:09:30,858,0.0416539731206,0.0,0
2017-06-22 20:16:10,836,0.0416539731206,0.0,0
2017-06-17 18:02:50,880,0.0416539731206,0.0,0
2017-06-17 18:02:50,880,0.0416539731206,0.0,0
2017-06-19 00:36:10,869,0.0416539731206,0.0,0
2017-06-16 11:29:30,891,0.0416539731206,0.0,0
2017-06-19 00:36:10,869,0.0416539731206,0.0,0
2017-06-20 07:09:30,858,0.0416539731206,0.0,0
2017-06-20 07:09:30,858,0.0416539731206,0.0,0
2017-06-20 07:09:30,858,0.0416539731206,0.0,0
2017-06-20 07:09:30,858,0.0416539731206,0.0,0
2017-06-21 13:42:50,847,0.0416539731206,0.0,0
2017-06-21 13:42:50,847,0.0416539731206,0.0,0
2017-06-20 07:09:30,858,0.0416539731206,0.0,0
2017-06-20 07:09:30,858,0.0416539731206,0.0,0
2017-06-20 07:09:30,858,0.0416539731206,0.0,0
2017-06-20 07:09:30,858,0.0416539731206,0.0,0
2017-06-20 07:09:30,858,0.0416539731206,0.0,0
2017-06-20 07:09:30,858,0.0416539731206,0.0,0
2017-06-22 20:16:10,836,0.0416539731206,0.0,0
2017-06-20 07:09:30,858,0.0416539731206,0.0,0
2017-06-21 13:42:50,847,0.0416539731206,0.0,0
2017-06-20 07:09:30,858,0.0416539731206,0.0,0
2017-06-19 00:36:10,869,0.0416539731206,0.0,0
2017-06-20 07:09:30,858,0.0416539731206,0.0,0
2017-06-17 18:02:50,880,0.0416539731206,0.0,0
2017-06-19 00:36:10,869,0.0416539731206,0.0,0
2017-06-19 00:36:10,869,0.0416539731206,0.0,0
2017-06-17 18:02:50,880,0.0416539731206,0.0,0
2017-06-19 00:36:10,869,0.0416539731206,0.0,0
2017-06-19 00:36:10,869,0.0416539731206,0.0,0
2017-06-24 02:49:30,825,0.0416539731206,0.0,0
2017-06-21 13:42:50,847,0.0416539731206,0.0,0
2017-06-19 00:36:10,869,0.0416539731206,0.0,0
2017-06-17 18:02:50,880,0.0416539731206,0.0,0
2017-06-19 00:36:10,869,0.0416539731206,0.0,0
2017-06-19 00:36:10,869,0.0416539731206,0.0,0
2017-06-20 07:09:30,858,0.0416539731206,0.0,0
2017-06-20 07:09:30,858,0.0416539731206,0.0,0
2017-06-20 07:09:30,858,0.0416539731206,0.0,0
2017-06-20 07:09:30,858,0.0416539731206,0.0,0
2017-06-20 07:09:30,858,0.0416539731206,0.0,0
2017-06-20 07:09:30,858,0.0416539731206,0.0,0
2017-06-20 07:09:30,858,0.0416539731206,0.0,0
2017-06-20 07:09:30,858,0.0416539731206,0.0,0
2017-06-20 07:09:30,858,0.0416539731206,0.0,0
2017-06-20 07:09:30,858,0.0416539731206,0.0,0
2017-06-19 00:36:10,869,0.0416539731206,0.0,0
2017-06-22 20:16:10,836,0.0416539731206,0.0,0
2017-06-22 20:16:10,836,0.0416539731206,0.0,0
2017-06-21 13:42:50,847,0.0416539731206,0.0,0
2017-06-20 07:09:30,858,0.0416539731206,0.0,0
2017-06-25 09:22:50,814,0.0416539731206,0.0,0
2017-06-20 07:09:30,858,0.0416539731206,0.0,0
2017-06-19 00:36:10,869,0.0416539731206,0.0,0
2017-06-20 07:09:30,858,0.0416539731206,0.0,0
2017-06-20 07:09:30,858,0.0416539731206,0.0,0
2017-06-19 00:36:10,869,0.0416539731206,0.0,0
2017-06-20 07:09:30,858,0.0416539731206,0.0,0
2017-06-20 07:09:30,858,0.0416529368301,0.0,0
2017-06-20 07:09:30,858,0.0416529368301,0.0,0
2017-06-20 07:09:30,858,0.0416529368301,0.0,0
2017-06-20 07:09:30,858,0.0416529368301,0.0,0
2017-06-20 07:09:30,858,0.0416529368301,0.0,0
2017-06-20 07:09:30,858,0.0416529368301,0.0,0
2017-06-20 07:09:30,858,0.0416529368301,0.0,0
2017-06-20 07:09:30,858,0.0416529368301,0.0,0
2017-06-20 07:09:30,858,0.0416529368301,0.0,0
2017-06-20 07:09:30,858,0.0416529368301,0.0,0
2017-06-20 07:09:30,858,0.0416529368301,0.0,0
2017-06-20 07:09:30,858,0.0416529368301,0.0,0
