,timestamp,value,anomaly_score
0,2017-06-07 12:47:01,713.0434782608694,0.18685714285714194
1,2017-06-07 13:35:06,713.0434782608694,0.18685714285714194
2,2017-06-07 14:35:06,704.3478260869565,0.18914285714285622
3,2017-06-07 15:35:07,704.3478260869565,0.18914285714285622
4,2017-06-07 16:35:07,704.3478260869565,0.18914285714285622
5,2017-06-07 17:35:07,695.6521739130435,0.15257142857142791
6,2017-06-07 18:35:07,695.6521739130435,0.15257142857142791
7,2017-06-07 19:35:07,695.6521739130435,0.15257142857142791
8,2017-06-07 20:35:07,695.6521739130435,0.15257142857142791
9,2017-06-07 22:35:07,686.9565217391304,0.17371428571428524
10,2017-06-07 23:35:07,686.9565217391304,0.17371428571428524
11,2017-06-08 00:35:07,686.9565217391304,0.17371428571428524
12,2017-06-08 01:35:08,686.9565217391304,0.17371428571428524
13,2017-06-08 02:35:07,686.9565217391304,0.17371428571428524
14,2017-06-08 03:35:07,678.2608695652174,0.17657142857142805
15,2017-06-08 04:35:07,678.2608695652174,0.1559999999999997
16,2017-06-08 05:35:07,678.2608695652174,0.1559999999999997
17,2017-06-08 06:35:08,669.5652173913043,0.16114285714285692
18,2017-06-08 07:35:08,669.5652173913043,0.16114285714285692
19,2017-06-08 08:35:08,669.5652173913043,0.16114285714285692
20,2017-06-08 10:35:08,678.2608695652174,0.1559999999999997
21,2017-06-08 11:35:08,669.5652173913043,0.16114285714285692
22,2017-06-08 12:35:08,678.2608695652174,0.1559999999999997
23,2017-06-08 13:35:08,660.8695652173913,0.09428571428571396
24,2017-06-08 14:35:08,660.8695652173913,0.09428571428571396
25,2017-06-08 15:35:08,660.8695652173913,0.09428571428571396
26,2017-06-08 16:35:08,660.8695652173913,0.09428571428571396
27,2017-06-08 17:35:08,652.1739130434783,0.10399999999999965
28,2017-06-08 18:35:08,652.1739130434783,0.10399999999999965
29,2017-06-08 19:35:08,652.1739130434783,0.10399999999999965
30,2017-06-08 20:35:09,643.4782608695651,0.19714285714285637
31,2017-06-08 22:35:09,643.4782608695651,0.19714285714285637
32,2017-06-08 23:35:09,643.4782608695651,0.14057142857142807
33,2017-06-09 00:35:09,643.4782608695651,0.14057142857142807
34,2017-06-09 01:35:09,643.4782608695651,0.14057142857142807
35,2017-06-09 02:35:09,652.1739130434783,0.10399999999999965
36,2017-06-09 03:35:09,643.4782608695651,0.14057142857142807
37,2017-06-09 04:35:09,643.4782608695651,0.14057142857142807
38,2017-06-09 05:35:09,643.4782608695651,0.14057142857142807
39,2017-06-09 06:35:09,643.4782608695651,0.14057142857142807
40,2017-06-09 07:35:09,643.4782608695651,0.14057142857142807
41,2017-06-09 08:35:09,643.4782608695651,0.10114285714285684
42,2017-06-09 10:35:10,634.7826086956521,0.13828571428571387
43,2017-06-09 11:35:10,634.7826086956521,0.13828571428571387
44,2017-06-09 12:35:10,634.7826086956521,0.13828571428571387
45,2017-06-09 13:35:10,634.7826086956521,0.10914285714285692
46,2017-06-09 14:35:10,634.7826086956521,0.10914285714285692
47,2017-06-09 15:35:10,626.0869565217391,0.1119999999999998
48,2017-06-09 16:35:10,626.0869565217391,0.1119999999999998
49,2017-06-09 17:35:10,626.0869565217391,0.1119999999999998
50,2017-06-09 18:35:10,617.391304347826,0.1371428571428567
51,2017-06-09 19:35:10,626.0869565217391,0.08971428571428569
52,2017-06-09 20:35:10,617.391304347826,0.1371428571428567
53,2017-06-09 22:35:11,617.391304347826,0.1371428571428567
54,2017-06-09 23:35:11,617.391304347826,0.1371428571428567
55,2017-06-10 00:35:11,617.391304347826,0.1371428571428567
56,2017-06-10 01:35:11,617.391304347826,0.10799999999999972
57,2017-06-10 02:35:11,617.391304347826,0.10799999999999972
58,2017-06-10 03:35:11,617.391304347826,0.10799999999999972
59,2017-06-10 04:35:11,617.391304347826,0.10799999999999972
60,2017-06-10 05:35:11,617.391304347826,0.10799999999999972
61,2017-06-10 06:35:11,617.391304347826,0.06857142857142845
62,2017-06-10 07:35:11,617.391304347826,0.06857142857142845
63,2017-06-10 08:35:11,617.391304347826,0.06857142857142845
64,2017-06-10 10:35:11,608.695652173913,0.11599999999999965
65,2017-06-10 11:35:11,608.695652173913,0.11599999999999965
66,2017-06-10 12:35:11,608.695652173913,0.11599999999999965
67,2017-06-10 13:35:12,608.695652173913,0.11599999999999965
68,2017-06-10 14:35:12,608.695652173913,0.11599999999999965
69,2017-06-10 15:35:12,617.391304347826,0.06857142857142845
70,2017-06-10 16:35:12,600.0,0.10799999999999954
71,2017-06-10 17:35:12,600.0,0.10799999999999954
72,2017-06-10 18:35:12,608.695652173913,0.11599999999999965
73,2017-06-10 19:35:12,591.3043478260869,0.09542857142857115
74,2017-06-10 20:35:12,591.3043478260869,0.09542857142857115
75,2017-06-10 22:35:13,591.3043478260869,0.09542857142857115
76,2017-06-10 23:35:13,591.3043478260869,0.09542857142857115
77,2017-06-11 00:35:13,591.3043478260869,0.09542857142857115
78,2017-06-11 01:35:15,591.3043478260869,0.09542857142857115
79,2017-06-11 02:35:13,591.3043478260869,0.09542857142857115
80,2017-06-11 03:35:13,591.3043478260869,0.09542857142857115
81,2017-06-11 04:35:13,591.3043478260869,0.09542857142857115
82,2017-06-11 05:35:13,600.0,0.10799999999999954
83,2017-06-11 06:35:13,591.3043478260869,0.09542857142857115
84,2017-06-11 07:35:13,591.3043478260869,0.09542857142857115
85,2017-06-11 08:35:13,591.3043478260869,0.09542857142857115
86,2017-06-11 10:35:13,582.6086956521739,0.10742857142857107
87,2017-06-11 11:35:13,582.6086956521739,0.10742857142857107
88,2017-06-11 12:35:13,582.6086956521739,0.10742857142857107
89,2017-06-11 13:35:13,582.6086956521739,0.10742857142857107
90,2017-06-11 14:35:13,573.9130434782609,0.07828571428571403
91,2017-06-11 15:35:14,573.9130434782609,0.07828571428571403
92,2017-06-11 16:35:14,573.9130434782609,0.07828571428571403
93,2017-06-11 17:35:13,573.9130434782609,0.07828571428571403
94,2017-06-11 18:35:13,565.2173913043478,0.0994285714285711
95,2017-06-11 19:35:14,565.2173913043478,0.0994285714285711
96,2017-06-11 20:35:14,565.2173913043478,0.0994285714285711
97,2017-06-11 22:35:14,565.2173913043478,0.0994285714285711
98,2017-06-11 23:35:14,565.2173913043478,0.0994285714285711
99,2017-06-12 00:35:14,556.5217391304348,0.0691428571428573
100,2017-06-12 01:35:14,556.5217391304348,0.0691428571428573
101,2017-06-12 02:35:14,556.5217391304348,0.0691428571428573
102,2017-06-12 03:35:14,556.5217391304348,0.0691428571428573
103,2017-06-12 04:35:15,556.5217391304348,0.0691428571428573
104,2017-06-12 05:35:15,556.5217391304348,0.0691428571428573
105,2017-06-12 06:35:15,556.5217391304348,0.052000000000000254
106,2017-06-12 07:35:15,556.5217391304348,0.052000000000000254
107,2017-06-12 08:35:15,556.5217391304348,0.052000000000000254
108,2017-06-12 10:35:15,547.8260869565216,0.07771428571428564
109,2017-06-12 11:35:15,547.8260869565216,0.07771428571428564
110,2017-06-12 12:35:15,547.8260869565216,0.07771428571428564
111,2017-06-12 13:35:15,547.8260869565216,0.07771428571428564
112,2017-06-12 14:35:15,565.2173913043478,0.0994285714285711
113,2017-06-12 15:35:15,556.5217391304348,0.052000000000000254
114,2017-06-12 16:35:15,556.5217391304348,0.052000000000000254
115,2017-06-12 17:35:15,556.5217391304348,0.052000000000000254
116,2017-06-12 18:35:15,547.8260869565216,0.07771428571428564
117,2017-06-12 19:35:15,547.8260869565216,0.07771428571428564
118,2017-06-12 20:35:16,556.5217391304348,0.052000000000000254
119,2017-06-12 22:35:16,547.8260869565216,0.07771428571428564
120,2017-06-12 23:35:16,547.8260869565216,0.05485714285714283
121,2017-06-13 00:35:17,547.8260869565216,0.05485714285714283
122,2017-06-13 01:35:16,556.5217391304348,0.052000000000000254
123,2017-06-13 02:35:16,547.8260869565216,0.05485714285714283
124,2017-06-13 03:35:16,547.8260869565216,0.05485714285714283
125,2017-06-13 04:35:16,547.8260869565216,0.05485714285714283
126,2017-06-13 05:35:16,547.8260869565216,0.05485714285714283
127,2017-06-13 06:35:16,547.8260869565216,0.05485714285714283
128,2017-06-13 07:35:16,547.8260869565216,0.05485714285714283
129,2017-06-13 08:35:16,547.8260869565216,0.05485714285714283
130,2017-06-13 10:35:16,547.8260869565216,0.05485714285714283
131,2017-06-13 11:35:17,547.8260869565216,0.05485714285714283
132,2017-06-13 12:35:17,556.5217391304348,0.052000000000000254
133,2017-06-13 13:35:17,556.5217391304348,0.052000000000000254
134,2017-06-13 14:35:17,556.5217391304348,0.052000000000000254
135,2017-06-13 15:35:17,556.5217391304348,0.052000000000000254
136,2017-06-13 16:35:17,556.5217391304348,0.052000000000000254
137,2017-06-13 17:35:17,556.5217391304348,0.052000000000000254
138,2017-06-13 18:35:17,556.5217391304348,0.052000000000000254
139,2017-06-13 19:35:17,556.5217391304348,0.052000000000000254
140,2017-06-13 20:35:18,547.8260869565216,0.037714285714285777
141,2017-06-13 22:35:18,556.5217391304348,0.052000000000000254
142,2017-06-13 23:35:18,547.8260869565216,0.037714285714285777
143,2017-06-14 00:35:18,547.8260869565216,0.037714285714285777
144,2017-06-14 01:35:18,547.8260869565216,0.037714285714285777
145,2017-06-14 02:35:18,547.8260869565216,0.037714285714285777
146,2017-06-14 03:35:18,547.8260869565216,0.037714285714285777
147,2017-06-14 04:35:18,547.8260869565216,0.037714285714285777
148,2017-06-14 05:35:18,547.8260869565216,0.037714285714285777
149,2017-06-14 06:35:18,547.8260869565216,0.037714285714285777
150,2017-06-14 07:35:18,547.8260869565216,0.037714285714285777
151,2017-06-14 08:35:18,547.8260869565216,0.037714285714285777
152,2017-06-14 10:35:19,565.2173913043478,0.0994285714285711
153,2017-06-14 11:35:19,556.5217391304348,0.052000000000000254
154,2017-06-14 12:35:19,556.5217391304348,0.052000000000000254
155,2017-06-14 13:35:19,556.5217391304348,0.052000000000000254
156,2017-06-14 14:35:19,565.2173913043478,0.0994285714285711
157,2017-06-14 15:35:19,556.5217391304348,0.052000000000000254
158,2017-06-14 16:35:19,556.5217391304348,0.052000000000000254
159,2017-06-14 17:35:19,556.5217391304348,0.019428571428571448
160,2017-06-14 18:35:19,556.5217391304348,0.0
161,2017-06-14 19:35:20,556.5217391304348,0.0
162,2017-06-14 20:35:20,547.8260869565216,0.037714285714285777
163,2017-06-14 22:35:19,547.8260869565216,0.037714285714285777
164,2017-06-14 23:35:20,547.8260869565216,0.037714285714285777
165,2017-06-15 00:35:20,556.5217391304348,0.0
166,2017-06-15 01:35:20,556.5217391304348,0.0
167,2017-06-15 02:35:20,547.8260869565216,0.037714285714285777
168,2017-06-15 03:35:20,547.8260869565216,0.037714285714285777
169,2017-06-15 04:35:19,547.8260869565216,0.01199999999999988
170,2017-06-15 05:35:20,547.8260869565216,0.01199999999999988
171,2017-06-15 06:35:20,547.8260869565216,0.01199999999999988
172,2017-06-15 07:35:20,547.8260869565216,0.01199999999999988
173,2017-06-15 08:35:20,547.8260869565216,0.01199999999999988
174,2017-06-15 10:35:20,547.8260869565216,0.01199999999999988
175,2017-06-15 11:35:20,547.8260869565216,0.01199999999999988
176,2017-06-15 12:35:20,547.8260869565216,0.01199999999999988
177,2017-06-15 13:35:21,547.8260869565216,0.01199999999999988
178,2017-06-15 14:35:20,539.1304347826086,0.09999999999999923
179,2017-06-15 15:35:20,539.1304347826086,0.09999999999999923
180,2017-06-15 16:35:21,539.1304347826086,0.09999999999999923
181,2017-06-15 17:35:21,539.1304347826086,0.09999999999999923
182,2017-06-15 18:35:21,530.4347826086956,0.10342857142857088
183,2017-06-15 19:35:21,530.4347826086956,0.10342857142857088
184,2017-06-15 20:35:21,530.4347826086956,0.10342857142857088
185,2017-06-15 22:35:21,530.4347826086956,0.10342857142857088
186,2017-06-15 23:35:21,530.4347826086956,0.10342857142857088
187,2017-06-16 00:35:21,539.1304347826086,0.09999999999999923
188,2017-06-16 01:35:21,530.4347826086956,0.10342857142857088
189,2017-06-16 02:35:21,530.4347826086956,0.10342857142857088
190,2017-06-16 03:35:21,530.4347826086956,0.10342857142857088
191,2017-06-16 04:35:22,530.4347826086956,0.10342857142857088
192,2017-06-16 05:35:21,530.4347826086956,0.10342857142857088
193,2017-06-16 06:35:21,530.4347826086956,0.07257142857142805
194,2017-06-16 07:35:21,521.7391304347826,0.1079999999999997
195,2017-06-16 08:35:22,521.7391304347826,0.1079999999999997
196,2017-06-16 10:35:22,521.7391304347826,0.1079999999999997
197,2017-06-16 11:35:22,530.4347826086956,0.07257142857142805
198,2017-06-16 12:35:22,521.7391304347826,0.1079999999999997
199,2017-06-16 13:35:22,521.7391304347826,0.1079999999999997
200,2017-06-16 14:35:22,521.7391304347826,0.1079999999999997
201,2017-06-16 15:35:22,513.0434782608695,0.07828571428571418
202,2017-06-16 16:35:22,513.0434782608695,0.07828571428571418
203,2017-06-16 17:35:22,513.0434782608695,0.07828571428571418
204,2017-06-16 18:35:22,513.0434782608695,0.07828571428571418
205,2017-06-16 19:35:22,504.3478260869565,0.08799999999999993
206,2017-06-16 20:35:23,504.3478260869565,0.08799999999999993
207,2017-06-16 22:35:23,504.3478260869565,0.08799999999999993
208,2017-06-16 23:35:23,504.3478260869565,0.08799999999999993
209,2017-06-17 00:35:23,504.3478260869565,0.08799999999999993
210,2017-06-17 01:35:23,504.3478260869565,0.08799999999999993
211,2017-06-17 02:35:23,513.0434782608695,0.07828571428571418
212,2017-06-17 03:35:23,495.6521739130434,0.10799999999999967
213,2017-06-17 04:35:23,495.6521739130434,0.10799999999999967
214,2017-06-17 05:35:23,495.6521739130434,0.10799999999999967
215,2017-06-17 06:35:23,495.6521739130434,0.10799999999999967
216,2017-06-17 07:35:23,495.6521739130434,0.10799999999999967
217,2017-06-17 08:35:23,495.6521739130434,0.10799999999999967
218,2017-06-17 10:35:24,495.6521739130434,0.10799999999999967
219,2017-06-17 11:35:24,495.6521739130434,0.10799999999999967
220,2017-06-17 12:35:24,504.3478260869565,0.08799999999999993
221,2017-06-17 13:35:23,495.6521739130434,0.10799999999999967
222,2017-06-17 14:35:24,495.6521739130434,0.10799999999999967
223,2017-06-17 15:35:24,495.6521739130434,0.10799999999999967
224,2017-06-17 16:35:24,486.9565217391304,0.13542857142857073
225,2017-06-17 17:35:24,486.9565217391304,0.13542857142857073
226,2017-06-17 18:35:24,486.9565217391304,0.13542857142857073
227,2017-06-17 19:35:24,486.9565217391304,0.1011428571428566
228,2017-06-17 20:35:24,478.2608695652174,0.10628571428571384
229,2017-06-17 22:35:24,478.2608695652174,0.10628571428571384
230,2017-06-17 23:35:25,478.2608695652174,0.10628571428571384
231,2017-06-18 00:35:24,486.9565217391304,0.1011428571428566
232,2017-06-18 01:35:24,478.2608695652174,0.10628571428571384
233,2017-06-18 02:35:24,478.2608695652174,0.10628571428571384
234,2017-06-18 03:35:25,478.2608695652174,0.10628571428571384
235,2017-06-18 04:35:25,469.5652173913043,0.08971428571428525
236,2017-06-18 05:35:27,469.5652173913043,0.08971428571428525
237,2017-06-18 06:35:25,469.5652173913043,0.08971428571428525
238,2017-06-18 07:35:25,469.5652173913043,0.08971428571428525
239,2017-06-18 08:35:25,469.5652173913043,0.08971428571428525
240,2017-06-18 10:35:26,469.5652173913043,0.08971428571428525
241,2017-06-18 11:35:25,469.5652173913043,0.08971428571428525
242,2017-06-18 12:35:26,469.5652173913043,0.08971428571428525
243,2017-06-18 13:35:26,478.2608695652174,0.10628571428571384
244,2017-06-18 14:35:26,460.86956521739125,0.1171428571428566
245,2017-06-18 15:35:26,460.86956521739125,0.1171428571428566
246,2017-06-18 16:35:26,460.86956521739125,0.1171428571428566
247,2017-06-18 17:35:26,460.86956521739125,0.1171428571428566
248,2017-06-18 18:35:26,452.1739130434783,0.14628571428571402
249,2017-06-18 19:35:26,452.1739130434783,0.14628571428571402
250,2017-06-18 20:35:26,452.1739130434783,0.14628571428571402
251,2017-06-18 22:35:27,443.4782608695652,0.08628571428571434
252,2017-06-18 23:35:27,434.7826086956521,0.09885714285714275
253,2017-06-19 00:35:27,434.7826086956521,0.09885714285714275
254,2017-06-19 01:35:27,434.7826086956521,0.09885714285714275
255,2017-06-19 02:35:27,434.7826086956521,0.09885714285714275
256,2017-06-19 03:35:27,434.7826086956521,0.09885714285714275
257,2017-06-19 04:35:27,434.7826086956521,0.09885714285714275
258,2017-06-19 05:35:27,434.7826086956521,0.09885714285714275
259,2017-06-19 06:35:27,426.0869565217391,0.08857142857142822
260,2017-06-19 07:35:27,426.0869565217391,0.08857142857142822
261,2017-06-19 08:35:27,426.0869565217391,0.08857142857142822
262,2017-06-19 10:35:28,426.0869565217391,0.08857142857142822
263,2017-06-19 11:35:28,426.0869565217391,0.08857142857142822
264,2017-06-19 12:35:27,426.0869565217391,0.08857142857142822
265,2017-06-19 13:35:27,434.7826086956521,0.09885714285714275
266,2017-06-19 14:35:27,434.7826086956521,0.09885714285714275
267,2017-06-19 15:35:27,426.0869565217391,0.08857142857142822
268,2017-06-19 16:35:28,417.39130434782606,0.10914285714285668
269,2017-06-19 17:35:28,417.39130434782606,0.10914285714285668
270,2017-06-19 18:35:28,417.39130434782606,0.10914285714285668
271,2017-06-19 19:35:28,408.69565217391295,0.07942857142857133
272,2017-06-19 20:35:28,408.69565217391295,0.07942857142857133
273,2017-06-19 22:35:28,408.69565217391295,0.07942857142857133
274,2017-06-19 23:35:28,400.0,0.08171428571428567
275,2017-06-20 00:35:28,400.0,0.08171428571428567
276,2017-06-20 01:35:28,400.0,0.08171428571428567
277,2017-06-20 02:35:29,400.0,0.08171428571428567
278,2017-06-20 03:35:28,400.0,0.08171428571428567
279,2017-06-20 04:35:29,400.0,0.08171428571428567
280,2017-06-20 05:35:29,400.0,0.08171428571428567
281,2017-06-20 06:35:29,400.0,0.08171428571428567
282,2017-06-20 07:35:29,400.0,0.08171428571428567
283,2017-06-20 08:35:29,400.0,0.08171428571428567
284,2017-06-20 10:35:29,400.0,0.08171428571428567
285,2017-06-20 11:35:29,400.0,0.08171428571428567
286,2017-06-20 12:35:29,400.0,0.08171428571428567
287,2017-06-20 13:35:29,400.0,0.08171428571428567
288,2017-06-20 14:35:29,391.3043478260869,0.10457142857142834
289,2017-06-20 15:35:29,391.3043478260869,0.10457142857142834
290,2017-06-20 16:35:29,391.3043478260869,0.10457142857142834
291,2017-06-20 17:35:29,391.3043478260869,0.10457142857142834
292,2017-06-20 18:35:30,382.6086956521738,0.10799999999999975
293,2017-06-20 19:35:30,382.6086956521738,0.10799999999999975
294,2017-06-20 20:35:29,391.3043478260869,0.10457142857142834
295,2017-06-20 22:35:30,373.9130434782609,0.1199999999999998
296,2017-06-20 23:35:30,373.9130434782609,0.1199999999999998
297,2017-06-21 00:35:30,373.9130434782609,0.1199999999999998
298,2017-06-21 01:35:30,373.9130434782609,0.1199999999999998
299,2017-06-21 02:35:30,373.9130434782609,0.1199999999999998
300,2017-06-21 03:35:30,373.9130434782609,0.1199999999999998
301,2017-06-21 04:35:31,382.6086956521738,0.10799999999999975
302,2017-06-21 05:35:30,373.9130434782609,0.1199999999999998
303,2017-06-21 06:35:30,382.6086956521738,0.10799999999999975
304,2017-06-21 07:35:30,373.9130434782609,0.1199999999999998
305,2017-06-21 08:35:31,373.9130434782609,0.1199999999999998
306,2017-06-21 10:35:31,373.9130434782609,0.1199999999999998
307,2017-06-21 11:35:31,382.6086956521738,0.10799999999999975
308,2017-06-21 12:35:31,373.9130434782609,0.08399999999999985
309,2017-06-21 13:35:31,365.2173913043478,0.09657142857142827
310,2017-06-21 14:35:31,365.2173913043478,0.09657142857142827
311,2017-06-21 15:35:31,365.2173913043478,0.09657142857142827
312,2017-06-21 16:35:31,365.2173913043478,0.09657142857142827
313,2017-06-21 17:35:31,356.5217391304347,0.19714285714285643
314,2017-06-21 18:35:31,356.5217391304347,0.19714285714285643
315,2017-06-21 19:35:31,365.2173913043478,0.09657142857142827
316,2017-06-21 20:35:31,347.82608695652175,0.18285714285714216
317,2017-06-21 22:35:31,347.82608695652175,0.1645714285714279
318,2017-06-21 23:35:32,347.82608695652175,0.1645714285714279
319,2017-06-22 00:35:32,347.82608695652175,0.1645714285714279
320,2017-06-22 01:35:32,347.82608695652175,0.1645714285714279
321,2017-06-22 02:35:32,339.1304347826087,0.23771428571428493
322,2017-06-22 03:35:32,339.1304347826087,0.23771428571428493
323,2017-06-22 04:35:32,347.82608695652175,0.1645714285714279
324,2017-06-22 05:35:32,339.1304347826087,0.1919999999999992
325,2017-06-22 06:35:32,347.82608695652175,0.1645714285714279
326,2017-06-22 07:35:33,339.1304347826087,0.1919999999999992
327,2017-06-22 08:35:33,339.1304347826087,0.1919999999999992
328,2017-06-22 10:35:33,339.1304347826087,0.1919999999999992
329,2017-06-22 11:35:33,339.1304347826087,0.1919999999999992
330,2017-06-22 12:35:33,339.1304347826087,0.1919999999999992
331,2017-06-22 13:35:33,330.4347826086956,0.6268571428571423
332,2017-06-22 14:35:33,330.4347826086956,0.6268571428571423
333,2017-06-22 15:35:33,330.4347826086956,0.3491428571428563
334,2017-06-22 16:35:33,321.73913043478257,0.5822857142857133
335,2017-06-22 17:35:33,321.73913043478257,0.5822857142857133
336,2017-06-22 18:35:33,321.73913043478257,0.5822857142857133
337,2017-06-22 19:35:33,313.0434782608696,0.5788571428571417
338,2017-06-22 20:35:33,313.0434782608696,0.5788571428571417
339,2017-06-22 22:35:34,313.0434782608696,0.5788571428571417
340,2017-06-22 23:35:33,313.0434782608696,0.5788571428571417
341,2017-06-23 00:35:34,313.0434782608696,0.5788571428571417
342,2017-06-23 01:35:34,313.0434782608696,0.5788571428571417
343,2017-06-23 02:35:34,313.0434782608696,0.5788571428571417
344,2017-06-23 03:35:34,313.0434782608696,0.5788571428571417
345,2017-06-23 04:35:34,313.0434782608696,0.5788571428571417
346,2017-06-23 05:35:34,313.0434782608696,0.5788571428571417
347,2017-06-23 06:35:34,321.73913043478257,0.5822857142857133
348,2017-06-23 07:35:34,321.73913043478257,0.5822857142857133
349,2017-06-23 08:35:34,313.0434782608696,0.5788571428571417
350,2017-06-23 10:35:35,878.2608695652175,0.18857142857142664
351,2017-06-23 11:35:35,860.8695652173913,0.3034285714285707
352,2017-06-23 12:35:35,886.9565217391304,0.26285714285714146
353,2017-06-23 13:35:35,886.9565217391304,0.26285714285714146
354,2017-06-23 14:35:34,878.2608695652175,0.18857142857142664
355,2017-06-23 15:35:34,895.6521739130434,0.20342857142857063
356,2017-06-23 16:35:35,852.1739130434783,0.31828571428571356
357,2017-06-23 17:35:35,913.0434782608696,0.11200000000000089
358,2017-06-23 18:35:35,869.5652173913044,0.1519999999999994
359,2017-06-23 19:35:35,913.0434782608696,0.11200000000000089
360,2017-06-23 20:35:35,930.4347826086956,0.13600000000000032
361,2017-06-23 22:35:35,930.4347826086956,0.13600000000000032
362,2017-06-23 23:35:35,930.4347826086956,0.13600000000000032
363,2017-06-24 00:35:35,930.4347826086956,0.13600000000000032
364,2017-06-24 01:35:36,930.4347826086956,0.13600000000000032
365,2017-06-24 02:35:36,930.4347826086956,0.13600000000000032
366,2017-06-24 03:35:35,930.4347826086956,0.13600000000000032
367,2017-06-24 04:35:35,930.4347826086956,0.13600000000000032
368,2017-06-24 05:35:35,930.4347826086956,0.13600000000000032
369,2017-06-24 06:35:36,930.4347826086956,0.13600000000000032
370,2017-06-24 07:35:36,930.4347826086956,0.13600000000000032
371,2017-06-24 08:35:36,921.7391304347824,0.13657142857142748
372,2017-06-24 10:35:36,921.7391304347824,0.13657142857142748
373,2017-06-24 11:35:36,921.7391304347824,0.13657142857142748
374,2017-06-24 12:35:36,921.7391304347824,0.13657142857142748
375,2017-06-24 13:35:37,921.7391304347824,0.13657142857142748
376,2017-06-24 14:35:37,921.7391304347824,0.13657142857142748
377,2017-06-24 15:35:36,921.7391304347824,0.13657142857142748
378,2017-06-24 16:35:36,921.7391304347824,0.13657142857142748
379,2017-06-24 17:35:36,921.7391304347824,0.1091428571428562
380,2017-06-24 18:35:36,921.7391304347824,0.1091428571428562
381,2017-06-24 19:35:36,913.0434782608696,0.1462857142857153
382,2017-06-24 20:35:36,913.0434782608696,0.1462857142857153
383,2017-06-24 22:35:37,913.0434782608696,0.1462857142857153
384,2017-06-24 23:35:37,913.0434782608696,0.1462857142857153
385,2017-06-25 00:35:37,904.3478260869563,0.17142857142857143
386,2017-06-25 01:35:37,904.3478260869563,0.17142857142857143
387,2017-06-25 02:35:37,904.3478260869563,0.16742857142857145
388,2017-06-25 03:35:37,904.3478260869563,0.16742857142857145
389,2017-06-25 04:35:37,904.3478260869563,0.16742857142857145
390,2017-06-25 05:35:37,895.6521739130434,0.20342857142857063
391,2017-06-25 06:35:37,895.6521739130434,0.20342857142857063
392,2017-06-25 07:35:37,895.6521739130434,0.20342857142857063
393,2017-06-25 08:35:38,895.6521739130434,0.20342857142857063
394,2017-06-25 10:35:38,895.6521739130434,0.20342857142857063
395,2017-06-25 11:35:38,895.6521739130434,0.19942857142857057
396,2017-06-25 12:35:38,895.6521739130434,0.19942857142857057
397,2017-06-25 13:35:38,886.9565217391304,0.26285714285714146
398,2017-06-25 14:35:38,886.9565217391304,0.26285714285714146
399,2017-06-25 15:35:38,886.9565217391304,0.26285714285714146
400,2017-06-25 16:35:38,886.9565217391304,0.26285714285714146
401,2017-06-25 17:35:39,878.2608695652175,0.18857142857142664
402,2017-06-25 18:35:38,878.2608695652175,0.18857142857142664
403,2017-06-25 19:35:38,878.2608695652175,0.18857142857142664
404,2017-06-25 20:35:38,878.2608695652175,0.18857142857142664
405,2017-06-25 22:35:39,869.5652173913044,0.1519999999999994
406,2017-06-25 23:35:39,869.5652173913044,0.1519999999999994
407,2017-06-26 00:35:39,869.5652173913044,0.1519999999999994
408,2017-06-26 01:35:39,869.5652173913044,0.1519999999999994
409,2017-06-26 02:35:39,860.8695652173913,0.3034285714285707
410,2017-06-26 03:35:39,860.8695652173913,0.3034285714285707
411,2017-06-26 04:35:39,860.8695652173913,0.3034285714285707
412,2017-06-26 05:35:39,860.8695652173913,0.3034285714285707
413,2017-06-26 06:35:39,860.8695652173913,0.3034285714285707
414,2017-06-26 07:35:39,852.1739130434783,0.31828571428571356
415,2017-06-26 08:35:40,834.7826086956521,0.3582857142857135
416,2017-06-26 10:35:40,782.6086956521739,0.2337142857142852
417,2017-06-26 11:35:40,782.6086956521739,0.2337142857142852
418,2017-06-26 12:35:40,782.6086956521739,0.2337142857142852
419,2017-06-26 13:35:40,782.6086956521739,0.2337142857142852
420,2017-06-26 14:35:40,808.695652173913,0.2542857142857137
421,2017-06-26 15:35:39,808.695652173913,0.2542857142857137
422,2017-06-26 16:35:40,808.695652173913,0.2542857142857137
423,2017-06-26 17:35:40,852.1739130434783,0.31828571428571356
424,2017-06-26 18:35:40,843.4782608695651,0.31657142857142767
425,2017-06-26 19:35:40,852.1739130434783,0.31828571428571356
426,2017-06-26 20:35:40,800.0,0.2445714285714283
427,2017-06-26 22:35:40,800.0,0.2445714285714283
428,2017-06-26 23:35:41,800.0,0.2445714285714283
429,2017-06-27 00:35:41,773.9130434782608,0.25828571428571384
430,2017-06-27 01:35:41,808.695652173913,0.22342857142857092
431,2017-06-27 02:35:41,800.0,0.2445714285714283
432,2017-06-27 03:35:40,800.0,0.2445714285714283
433,2017-06-27 04:35:40,800.0,0.2445714285714283
434,2017-06-27 05:35:41,765.2173913043476,0.27657142857142847
435,2017-06-27 06:35:41,765.2173913043476,0.27657142857142847
436,2017-06-27 07:35:41,791.3043478260869,0.25714285714285645
437,2017-06-27 08:35:41,756.5217391304348,0.2719999999999994
438,2017-06-27 10:35:41,756.5217391304348,0.2719999999999994
439,2017-06-27 11:35:43,756.5217391304348,0.2719999999999994
440,2017-06-27 12:35:41,782.6086956521739,0.2337142857142852
441,2017-06-27 13:35:41,765.2173913043476,0.27657142857142847
442,2017-06-27 14:35:41,782.6086956521739,0.2337142857142852
443,2017-06-27 15:35:42,782.6086956521739,0.2337142857142852
444,2017-06-27 16:35:41,782.6086956521739,0.2337142857142852
445,2017-06-27 17:35:41,791.3043478260869,0.25714285714285645
446,2017-06-27 18:35:41,782.6086956521739,0.2337142857142852
447,2017-06-27 19:35:42,782.6086956521739,0.2337142857142852
448,2017-06-27 20:35:42,747.8260869565217,0.30457142857142777
449,2017-06-27 22:35:41,747.8260869565217,0.30457142857142777
450,2017-06-27 23:35:42,782.6086956521739,0.2337142857142852
451,2017-06-28 00:35:42,739.1304347826086,0.28685714285714226
452,2017-06-28 01:35:42,739.1304347826086,0.28685714285714226
453,2017-06-28 02:35:42,739.1304347826086,0.21885714285714225
454,2017-06-28 03:35:42,765.2173913043476,0.2685714285714284
455,2017-06-28 04:35:42,773.9130434782608,0.25828571428571384
456,2017-06-28 05:35:42,730.4347826086956,0.25142857142857067
457,2017-06-28 06:35:42,730.4347826086956,0.25142857142857067
458,2017-06-28 07:35:42,756.5217391304348,0.2719999999999994
459,2017-06-28 08:35:42,721.7391304347825,0.23771428571428502
460,2017-06-28 10:35:43,721.7391304347825,0.22742857142857073
461,2017-06-28 11:35:43,721.7391304347825,0.22742857142857073
462,2017-06-28 12:35:43,747.8260869565217,0.30457142857142777
463,2017-06-28 13:35:43,713.0434782608694,0.18685714285714194
464,2017-06-28 14:35:43,713.0434782608694,0.18685714285714194
465,2017-06-28 15:35:43,713.0434782608694,0.18685714285714194
466,2017-06-28 16:35:43,739.1304347826086,0.21885714285714225
467,2017-06-28 17:35:44,704.3478260869565,0.16685714285714204
468,2017-06-28 18:35:43,704.3478260869565,0.16685714285714204
469,2017-06-28 19:35:43,704.3478260869565,0.16685714285714204
470,2017-06-28 20:35:43,730.4347826086956,0.25142857142857067
471,2017-06-28 22:35:44,695.6521739130435,0.15257142857142791
472,2017-06-28 23:35:44,695.6521739130435,0.15257142857142791
473,2017-06-29 00:35:44,695.6521739130435,0.15257142857142791
474,2017-06-29 01:35:44,721.7391304347825,0.22742857142857073
475,2017-06-29 02:35:44,686.9565217391304,0.17371428571428524
476,2017-06-29 03:35:44,686.9565217391304,0.17371428571428524
477,2017-06-29 04:35:44,713.0434782608694,0.18685714285714194
478,2017-06-29 05:35:44,686.9565217391304,0.17371428571428524
479,2017-06-29 06:35:44,678.2608695652174,0.1559999999999997
480,2017-06-29 07:35:44,678.2608695652174,0.1559999999999997
481,2017-06-29 08:35:45,704.3478260869565,0.16685714285714204
482,2017-06-29 10:35:45,704.3478260869565,0.16685714285714204
483,2017-06-29 11:35:45,704.3478260869565,0.16685714285714204
484,2017-06-29 12:35:45,704.3478260869565,0.14114285714285635
485,2017-06-29 13:35:45,704.3478260869565,0.14114285714285635
486,2017-06-29 14:35:45,704.3478260869565,0.14114285714285635
487,2017-06-29 15:35:45,669.5652173913043,0.16114285714285692
488,2017-06-29 16:35:45,669.5652173913043,0.12171428571428541
489,2017-06-29 17:35:45,686.9565217391304,0.17371428571428524
490,2017-06-29 18:35:45,695.6521739130435,0.15257142857142791
491,2017-06-29 19:35:45,695.6521739130435,0.15257142857142791
492,2017-06-29 20:35:45,695.6521739130435,0.12399999999999949
493,2017-06-29 22:35:46,695.6521739130435,0.12399999999999949
494,2017-06-29 23:35:46,695.6521739130435,0.12399999999999949
495,2017-06-30 00:35:46,686.9565217391304,0.17371428571428524
496,2017-06-30 01:35:46,660.8695652173913,0.09428571428571396
497,2017-06-30 02:35:46,686.9565217391304,0.1445714285714283
498,2017-06-30 03:35:46,686.9565217391304,0.1445714285714283
499,2017-06-30 04:35:46,678.2608695652174,0.1559999999999997
500,2017-06-30 05:35:46,652.1739130434783,0.10399999999999965
501,2017-06-30 06:35:46,678.2608695652174,0.1559999999999997
502,2017-06-30 07:35:46,669.5652173913043,0.12171428571428541
503,2017-06-30 08:35:46,669.5652173913043,0.12171428571428541
504,2017-06-30 10:35:47,669.5652173913043,0.12171428571428541
505,2017-06-30 11:35:47,669.5652173913043,0.12171428571428541
506,2017-06-30 12:35:47,669.5652173913043,0.09257142857142832
507,2017-06-30 13:35:47,669.5652173913043,0.09257142857142832
508,2017-06-30 14:35:47,669.5652173913043,0.09257142857142832
509,2017-06-30 15:35:47,669.5652173913043,0.09257142857142832
510,2017-06-30 16:35:47,678.2608695652174,0.1559999999999997
511,2017-06-30 17:35:47,678.2608695652174,0.12857142857142845
512,2017-06-30 18:35:47,669.5652173913043,0.09257142857142832
513,2017-06-30 19:35:47,660.8695652173913,0.09428571428571396
514,2017-06-30 20:35:47,669.5652173913043,0.09257142857142832
515,2017-06-30 22:35:47,617.391304347826,0.06857142857142845
516,2017-06-30 23:35:47,660.8695652173913,0.09428571428571396
517,2017-07-01 00:35:47,669.5652173913043,0.09257142857142832
518,2017-07-01 01:35:47,660.8695652173913,0.09428571428571396
519,2017-07-01 02:35:47,660.8695652173913,0.09428571428571396
520,2017-07-19 13:23:28,660.8695652173913,0.09428571428571396
521,2017-07-19 13:24:21,660.8695652173913,0.09428571428571396
522,2017-07-19 13:42:40,660.8695652173913,0.09428571428571396
523,2017-07-19 13:44:28,669.5652173913043,0.09257142857142832
524,2017-07-19 14:22:58,608.695652173913,0.11599999999999965
525,2017-07-19 15:22:58,608.695652173913,0.11599999999999965
526,2017-07-19 16:22:58,600.0,0.10799999999999954
527,2017-07-19 17:22:58,617.391304347826,0.06857142857142845
528,2017-07-19 18:22:58,652.1739130434783,0.10399999999999965
529,2017-07-19 19:22:58,626.0869565217391,0.08971428571428569
530,2017-07-19 20:22:58,643.4782608695651,0.10114285714285684
531,2017-07-19 21:22:58,634.7826086956521,0.10914285714285692
532,2017-07-19 22:22:59,634.7826086956521,0.10914285714285692
533,2017-07-19 23:22:59,634.7826086956521,0.10914285714285692
534,2017-07-20 00:22:59,634.7826086956521,0.10914285714285692
535,2017-07-20 01:22:59,634.7826086956521,0.10914285714285692
536,2017-07-20 02:22:59,626.0869565217391,0.08971428571428569
537,2017-07-20 03:22:59,600.0,0.10799999999999954
538,2017-07-20 04:22:59,626.0869565217391,0.08971428571428569
539,2017-07-20 05:22:59,634.7826086956521,0.10914285714285692
540,2017-07-20 06:22:59,626.0869565217391,0.08971428571428569
541,2017-07-20 07:22:59,634.7826086956521,0.10914285714285692
542,2017-07-20 08:22:59,626.0869565217391,0.08971428571428569
543,2017-07-20 09:22:59,626.0869565217391,0.08971428571428569
544,2017-07-20 10:23:00,626.0869565217391,0.08971428571428569
545,2017-07-20 11:23:00,626.0869565217391,0.08971428571428569
546,2017-07-20 12:23:00,626.0869565217391,0.08971428571428569
547,2017-07-20 13:23:00,626.0869565217391,0.08971428571428569
548,2017-07-20 14:23:00,617.391304347826,0.06857142857142845
549,2017-07-20 15:23:00,617.391304347826,0.06857142857142845
550,2017-07-20 16:23:00,617.391304347826,0.06857142857142845
551,2017-07-20 17:23:00,608.695652173913,0.11599999999999965
552,2017-07-20 18:23:00,617.391304347826,0.06857142857142845
553,2017-07-20 19:23:00,608.695652173913,0.11599999999999965
554,2017-07-20 20:23:00,608.695652173913,0.09885714285714257
555,2017-07-20 21:23:00,600.0,0.10799999999999954
556,2017-07-20 22:23:00,600.0,0.10799999999999954
557,2017-07-20 23:23:00,600.0,0.10799999999999954
558,2017-07-21 00:23:00,600.0,0.10799999999999954
559,2017-07-21 01:23:00,600.0,0.10799999999999954
560,2017-07-21 02:23:00,591.3043478260869,0.09542857142857115
561,2017-07-21 03:23:03,591.3043478260869,0.09542857142857115
562,2017-07-21 04:23:01,600.0,0.10799999999999954
563,2017-07-21 05:23:01,591.3043478260869,0.09542857142857115
564,2017-07-21 06:23:00,591.3043478260869,0.09542857142857115
565,2017-07-21 07:23:01,591.3043478260869,0.09542857142857115
566,2017-07-21 08:23:01,591.3043478260869,0.09542857142857115
567,2017-07-21 09:23:01,547.8260869565216,0.01199999999999988
568,2017-07-21 10:23:01,547.8260869565216,0.01199999999999988
569,2017-07-21 11:23:01,547.8260869565216,0.01199999999999988
570,2017-07-21 12:23:01,565.2173913043478,0.0994285714285711
571,2017-07-21 13:23:01,547.8260869565216,0.01199999999999988
572,2017-07-21 14:23:01,591.3043478260869,0.09542857142857115
573,2017-07-21 15:23:01,539.1304347826086,0.09999999999999923
574,2017-07-21 16:23:01,565.2173913043478,0.059999999999999866
575,2017-07-21 17:23:01,573.9130434782609,0.07828571428571403
576,2017-07-21 18:23:01,573.9130434782609,0.07828571428571403
577,2017-07-21 19:23:01,573.9130434782609,0.07828571428571403
578,2017-07-21 20:23:01,556.5217391304348,0.0
579,2017-07-21 21:23:02,573.9130434782609,0.07828571428571403
580,2017-07-21 22:23:01,565.2173913043478,0.059999999999999866
581,2017-07-21 23:23:02,565.2173913043478,0.059999999999999866
582,2017-07-22 00:23:02,565.2173913043478,0.059999999999999866
583,2017-07-22 01:23:02,513.0434782608695,0.07828571428571418
584,2017-07-22 02:23:02,556.5217391304348,0.0
585,2017-07-22 03:23:02,556.5217391304348,0.0
586,2017-07-22 04:23:02,565.2173913043478,0.059999999999999866
587,2017-07-22 05:23:02,556.5217391304348,0.0
588,2017-07-22 06:23:02,556.5217391304348,0.0
589,2017-07-22 07:23:02,556.5217391304348,0.0
590,2017-07-22 08:23:02,565.2173913043478,0.059999999999999866
591,2017-07-22 09:23:02,513.0434782608695,0.07828571428571418
592,2017-07-22 10:23:02,513.0434782608695,0.07828571428571418
593,2017-07-22 11:23:02,530.4347826086956,0.07257142857142805
594,2017-07-22 12:23:03,556.5217391304348,0.0
595,2017-07-22 13:23:03,504.3478260869565,0.08799999999999993
596,2017-07-22 14:23:03,547.8260869565216,0.01199999999999988
597,2017-07-22 15:23:03,556.5217391304348,0.0
598,2017-07-22 16:23:03,495.6521739130434,0.10799999999999967
599,2017-07-22 17:23:03,539.1304347826086,0.09999999999999923
600,2017-07-22 18:23:03,539.1304347826086,0.09999999999999923
601,2017-07-22 19:23:03,504.3478260869565,0.08799999999999993
602,2017-07-22 20:23:03,504.3478260869565,0.08799999999999993
603,2017-07-22 21:23:03,495.6521739130434,0.10799999999999967
604,2017-07-22 22:23:03,486.9565217391304,0.1011428571428566
605,2017-07-22 23:23:03,530.4347826086956,0.07257142857142805
606,2017-07-23 00:23:04,530.4347826086956,0.07257142857142805
607,2017-07-23 01:23:04,478.2608695652174,0.10628571428571384
608,2017-07-23 02:23:04,486.9565217391304,0.1011428571428566
609,2017-07-23 03:23:04,478.2608695652174,0.10628571428571384
610,2017-07-23 04:23:04,478.2608695652174,0.10628571428571384
611,2017-07-23 05:23:04,478.2608695652174,0.07542857142857107
612,2017-07-23 06:23:04,478.2608695652174,0.07542857142857107
613,2017-07-23 07:23:04,478.2608695652174,0.07542857142857107
614,2017-07-23 08:23:04,478.2608695652174,0.07542857142857107
615,2017-07-23 09:23:04,478.2608695652174,0.07542857142857107
616,2017-07-23 10:23:04,478.2608695652174,0.07542857142857107
617,2017-07-23 11:23:04,478.2608695652174,0.07542857142857107
618,2017-07-23 12:23:04,495.6521739130434,0.10799999999999967
619,2017-07-23 13:23:05,469.5652173913043,0.08971428571428525
620,2017-07-23 14:23:05,504.3478260869565,0.08799999999999993
621,2017-07-23 15:23:05,460.86956521739125,0.1171428571428566
622,2017-07-23 16:23:05,469.5652173913043,0.08971428571428525
623,2017-07-23 17:23:05,504.3478260869565,0.08799999999999993
624,2017-07-23 18:23:05,452.1739130434783,0.14628571428571402
625,2017-07-23 19:23:05,469.5652173913043,0.08971428571428525
626,2017-07-23 20:23:05,495.6521739130434,0.10799999999999967
627,2017-07-23 21:23:05,495.6521739130434,0.10799999999999967
628,2017-07-23 22:23:05,443.4782608695652,0.08628571428571434
629,2017-07-23 23:23:05,443.4782608695652,0.08628571428571434
630,2017-07-24 00:23:05,460.86956521739125,0.1171428571428566
631,2017-07-24 01:23:06,478.2608695652174,0.07542857142857107
632,2017-07-24 02:23:05,452.1739130434783,0.09314285714285728
633,2017-07-24 03:23:05,434.7826086956521,0.09885714285714275
634,2017-07-24 04:23:05,434.7826086956521,0.09885714285714275
635,2017-07-24 05:23:05,452.1739130434783,0.09314285714285728
636,2017-07-24 06:23:05,478.2608695652174,0.07542857142857107
637,2017-07-24 07:23:05,478.2608695652174,0.07542857142857107
638,2017-07-24 08:23:05,469.5652173913043,0.08971428571428525
639,2017-07-24 09:23:06,434.7826086956521,0.09885714285714275
640,2017-07-24 10:23:06,452.1739130434783,0.09314285714285728
641,2017-07-24 11:23:06,434.7826086956521,0.09885714285714275
642,2017-07-24 12:23:06,469.5652173913043,0.08971428571428525
643,2017-07-24 13:23:06,434.7826086956521,0.09885714285714275
644,2017-07-24 14:23:07,452.1739130434783,0.09314285714285728
645,2017-07-24 15:23:06,469.5652173913043,0.08971428571428525
646,2017-07-24 16:23:06,426.0869565217391,0.08857142857142822
647,2017-07-24 17:23:06,469.5652173913043,0.08971428571428525
648,2017-07-24 18:23:06,460.86956521739125,0.1171428571428566
649,2017-07-24 19:23:07,417.39130434782606,0.10914285714285668
650,2017-07-24 20:23:07,460.86956521739125,0.1171428571428566
651,2017-07-24 21:23:07,452.1739130434783,0.09314285714285728
652,2017-07-24 22:23:07,452.1739130434783,0.09314285714285728
653,2017-07-24 23:23:07,452.1739130434783,0.06685714285714278
654,2017-07-25 00:23:07,452.1739130434783,0.06685714285714278
655,2017-07-25 01:23:07,434.7826086956521,0.09885714285714275
656,2017-07-25 02:23:07,452.1739130434783,0.06685714285714278
657,2017-07-25 03:23:07,443.4782608695652,0.08628571428571434
658,2017-07-25 04:23:07,443.4782608695652,0.08628571428571434
659,2017-07-25 05:23:08,443.4782608695652,0.08628571428571434
660,2017-07-25 06:23:08,443.4782608695652,0.08628571428571434
661,2017-07-25 07:23:08,443.4782608695652,0.08628571428571434
662,2017-07-25 08:23:08,443.4782608695652,0.08628571428571434
663,2017-07-25 09:23:08,443.4782608695652,0.08628571428571434
664,2017-07-25 10:23:07,443.4782608695652,0.08628571428571434
665,2017-07-25 11:23:07,452.1739130434783,0.06685714285714278
666,2017-07-25 12:23:08,443.4782608695652,0.08628571428571434
667,2017-07-25 13:23:08,443.4782608695652,0.08628571428571434
668,2017-07-25 14:23:08,434.7826086956521,0.09885714285714275
669,2017-07-25 15:23:08,434.7826086956521,0.09885714285714275
670,2017-07-25 16:23:08,434.7826086956521,0.09885714285714275
671,2017-07-25 17:23:08,434.7826086956521,0.09885714285714275
672,2017-07-25 18:23:09,426.0869565217391,0.08857142857142822
673,2017-07-25 19:23:09,426.0869565217391,0.08857142857142822
674,2017-07-25 20:23:09,426.0869565217391,0.08857142857142822
675,2017-07-25 21:23:08,426.0869565217391,0.08857142857142822
676,2017-07-25 22:23:08,426.0869565217391,0.08857142857142822
677,2017-07-25 23:23:08,417.39130434782606,0.10914285714285668
678,2017-07-26 00:23:09,417.39130434782606,0.10914285714285668
679,2017-07-26 01:23:09,417.39130434782606,0.10914285714285668
680,2017-07-26 02:23:09,417.39130434782606,0.10914285714285668
681,2017-07-26 03:23:09,417.39130434782606,0.10914285714285668
682,2017-07-26 04:23:09,408.69565217391295,0.07942857142857133
683,2017-07-26 05:23:09,417.39130434782606,0.10914285714285668
684,2017-07-26 06:23:09,408.69565217391295,0.07942857142857133
685,2017-07-26 07:23:09,408.69565217391295,0.07942857142857133
686,2017-07-26 08:23:09,408.69565217391295,0.09657142857142842
687,2017-07-26 09:23:10,408.69565217391295,0.09657142857142842
688,2017-07-26 10:23:09,408.69565217391295,0.09657142857142842
689,2017-07-26 11:23:09,408.69565217391295,0.07142857142857117
690,2017-07-26 12:23:10,417.39130434782606,0.10914285714285668
691,2017-07-26 13:23:09,408.69565217391295,0.054285714285714035
692,2017-07-26 14:23:09,400.0,0.08171428571428567
693,2017-07-26 15:23:10,400.0,0.08171428571428567
694,2017-07-26 16:23:10,408.69565217391295,0.054285714285714035
695,2017-07-26 17:23:10,400.0,0.055428571428571466
696,2017-07-26 18:23:10,391.3043478260869,0.10457142857142834
697,2017-07-26 19:23:10,391.3043478260869,0.10457142857142834
698,2017-07-26 20:23:10,391.3043478260869,0.10457142857142834
699,2017-07-26 21:23:10,382.6086956521738,0.10799999999999975
700,2017-07-26 22:23:10,382.6086956521738,0.10799999999999975
701,2017-07-26 23:23:10,382.6086956521738,0.10799999999999975
702,2017-07-27 00:23:10,382.6086956521738,0.10799999999999975
703,2017-07-27 01:23:10,382.6086956521738,0.10799999999999975
704,2017-07-27 02:23:11,373.9130434782609,0.08399999999999985
705,2017-07-27 03:23:10,373.9130434782609,0.08399999999999985
706,2017-07-27 04:23:10,382.6086956521738,0.10799999999999975
707,2017-07-27 05:23:10,373.9130434782609,0.08399999999999985
708,2017-07-27 06:23:10,382.6086956521738,0.10799999999999975
709,2017-07-27 07:23:11,382.6086956521738,0.10799999999999975
710,2017-07-27 08:23:11,391.3043478260869,0.10457142857142834
711,2017-07-27 09:23:12,382.6086956521738,0.07028571428571383
712,2017-07-27 10:23:11,391.3043478260869,0.10457142857142834
713,2017-07-27 11:23:11,391.3043478260869,0.10457142857142834
714,2017-07-27 12:23:11,382.6086956521738,0.07028571428571383
715,2017-07-27 13:23:12,373.9130434782609,0.08399999999999985
716,2017-07-27 14:23:12,373.9130434782609,0.08399999999999985
717,2017-07-27 15:23:12,373.9130434782609,0.08399999999999985
718,2017-07-27 16:23:12,373.9130434782609,0.08399999999999985
719,2017-07-27 17:23:12,365.2173913043478,0.09657142857142827
720,2017-07-27 18:23:12,365.2173913043478,0.09657142857142827
721,2017-07-27 19:23:12,365.2173913043478,0.09657142857142827
722,2017-07-27 20:23:12,356.5217391304347,0.19714285714285643
723,2017-07-27 21:23:12,356.5217391304347,0.19714285714285643
724,2017-07-27 22:23:12,356.5217391304347,0.19714285714285643
725,2017-07-27 23:23:12,356.5217391304347,0.19714285714285643
726,2017-07-28 00:23:12,356.5217391304347,0.19714285714285643
727,2017-07-28 01:23:12,347.82608695652175,0.1645714285714279
728,2017-07-28 02:23:13,347.82608695652175,0.14399999999999943
729,2017-07-28 03:23:13,347.82608695652175,0.13199999999999945
730,2017-07-28 04:23:13,347.82608695652175,0.13199999999999945
731,2017-07-28 05:23:13,347.82608695652175,0.13199999999999945
732,2017-07-28 06:23:13,895.6521739130434,0.19942857142857057
733,2017-07-28 07:23:13,904.3478260869563,0.16742857142857145
734,2017-07-28 08:23:13,904.3478260869563,0.16742857142857145
735,2017-07-28 09:23:13,904.3478260869563,0.16742857142857145
736,2017-07-28 10:23:13,904.3478260869563,0.16742857142857145
737,2017-07-28 11:23:13,347.82608695652175,0.13199999999999945
738,2017-07-28 12:23:13,347.82608695652175,0.13199999999999945
739,2017-07-28 13:23:14,347.82608695652175,0.13199999999999945
740,2017-07-28 14:23:13,330.4347826086956,0.3491428571428563
741,2017-07-28 15:23:13,339.1304347826087,0.1919999999999992
742,2017-07-28 16:23:13,339.1304347826087,0.1919999999999992
743,2017-07-28 17:23:13,330.4347826086956,0.28971428571428504
744,2017-07-28 18:23:14,321.73913043478257,0.5822857142857133
745,2017-07-28 19:23:13,321.73913043478257,0.5822857142857133
746,2017-07-28 20:23:13,330.4347826086956,0.28971428571428504
747,2017-07-28 21:23:14,321.73913043478257,0.5822857142857133
748,2017-07-28 22:23:13,321.73913043478257,0.5822857142857133
749,2017-07-28 23:23:13,313.0434782608696,0.5788571428571417
750,2017-07-29 00:23:14,313.0434782608696,0.5788571428571417
751,2017-07-29 01:23:14,313.0434782608696,0.5788571428571417
752,2017-07-29 02:23:14,313.0434782608696,0.5788571428571417
753,2017-07-29 03:23:14,313.0434782608696,0.5788571428571417
754,2017-07-29 04:23:14,313.0434782608696,0.5788571428571417
755,2017-07-29 05:23:14,904.3478260869563,0.16742857142857145
756,2017-07-29 06:23:15,321.73913043478257,0.5822857142857133
757,2017-07-29 07:23:14,313.0434782608696,0.5514285714285704
758,2017-07-29 08:23:14,313.0434782608696,0.5514285714285704
759,2017-07-29 09:23:15,313.0434782608696,0.5514285714285704
760,2017-07-29 10:23:14,313.0434782608696,0.5514285714285704
761,2017-07-29 11:23:15,313.0434782608696,0.5788571428571417
762,2017-07-29 12:23:15,904.3478260869563,0.16742857142857145
763,2017-07-29 13:23:15,286.95652173913044,0.5891428571428569
764,2017-07-29 14:23:17,286.95652173913044,0.5891428571428569
765,2017-07-29 15:23:15,286.95652173913044,0.5891428571428569
766,2017-07-29 16:23:16,278.2608695652174,0.5628571428571425
767,2017-07-29 17:23:15,260.8695652173913,0.49028571428571366
768,2017-07-29 18:23:15,278.2608695652174,0.5628571428571425
769,2017-07-29 19:23:16,269.5652173913043,0.500571428571428
770,2017-07-29 20:23:15,260.8695652173913,0.49028571428571366
771,2017-07-29 21:23:18,278.2608695652174,0.5628571428571425
772,2017-07-29 22:23:16,252.17391304347825,0.47714285714285676
773,2017-07-29 23:23:16,904.3478260869563,0.16742857142857145
774,2017-07-30 00:23:18,904.3478260869563,0.16742857142857145
775,2017-07-30 01:23:15,252.17391304347825,0.47714285714285676
776,2017-07-30 02:23:15,252.17391304347825,0.47714285714285676
777,2017-07-30 03:23:16,260.8695652173913,0.49028571428571366
778,2017-07-30 04:23:16,252.17391304347825,0.47714285714285676
779,2017-07-30 05:23:16,252.17391304347825,0.47714285714285676
780,2017-07-30 06:23:16,252.17391304347825,0.47714285714285676
781,2017-07-30 07:23:16,252.17391304347825,0.47714285714285676
782,2017-07-30 08:23:16,252.17391304347825,0.47714285714285676
783,2017-07-30 09:23:17,278.2608695652174,0.5628571428571425
784,2017-07-30 10:23:17,269.5652173913043,0.500571428571428
785,2017-07-30 11:23:17,243.4782608695652,0.47828571428571354
786,2017-07-30 12:23:16,234.78260869565216,0.482857142857142
787,2017-07-30 13:23:17,234.78260869565216,0.482857142857142
788,2017-07-30 14:23:16,226.08695652173915,0.49314285714285616
789,2017-07-30 15:23:17,226.08695652173915,0.49314285714285616
790,2017-07-30 16:23:17,226.08695652173915,0.49314285714285616
791,2017-07-30 17:23:17,243.4782608695652,0.47828571428571354
792,2017-07-30 18:23:17,243.4782608695652,0.47828571428571354
793,2017-07-30 19:23:17,234.78260869565216,0.482857142857142
794,2017-07-30 20:23:17,217.3913043478261,0.5022857142857138
795,2017-07-30 21:23:17,904.3478260869563,0.16742857142857145
796,2017-07-30 22:23:18,226.08695652173915,0.49314285714285616
797,2017-07-30 23:23:18,217.3913043478261,0.5022857142857138
798,2017-07-31 00:23:17,217.3913043478261,0.5022857142857138
799,2017-07-31 01:23:17,217.3913043478261,0.5022857142857138
800,2017-07-31 02:23:17,217.3913043478261,0.5022857142857138
801,2017-07-31 03:23:17,217.3913043478261,0.5022857142857138
802,2017-07-31 04:23:17,217.3913043478261,0.5022857142857138
803,2017-07-31 05:23:17,226.08695652173915,0.49314285714285616
804,2017-07-31 06:23:17,217.3913043478261,0.5022857142857138
805,2017-07-31 07:23:18,234.78260869565216,0.482857142857142
806,2017-07-31 08:23:22,226.08695652173915,0.49314285714285616
807,2017-07-31 09:23:18,191.3043478260869,0.5794285714285713
808,2017-07-31 10:23:18,200.0,0.5537142857142854
809,2017-07-31 11:23:18,182.6086956521739,0.6079999999999997
810,2017-07-31 12:23:18,191.3043478260869,0.5794285714285713
811,2017-07-31 13:23:18,191.3043478260869,0.5794285714285713
812,2017-07-31 14:23:18,191.3043478260869,0.5794285714285713
813,2017-07-31 15:23:18,182.6086956521739,0.6079999999999997
814,2017-07-31 16:23:18,182.6086956521739,0.6079999999999997
815,2017-07-31 17:23:18,173.91304347826087,0.659428571428571
816,2017-07-31 18:23:20,173.91304347826087,0.659428571428571
817,2017-07-31 19:23:19,173.91304347826087,0.659428571428571
818,2017-07-31 20:23:19,173.91304347826087,0.659428571428571
819,2017-07-31 21:23:19,173.91304347826087,0.659428571428571
820,2017-07-31 22:23:19,165.2173913043478,0.7222857142857135
821,2017-07-31 23:23:19,182.6086956521739,0.6079999999999997
822,2017-08-01 00:23:19,139.1304347826087,0.8468571428571418
823,2017-08-01 01:23:19,139.1304347826087,0.8468571428571418
824,2017-08-01 02:23:19,147.82608695652172,0.7977142857142846
825,2017-08-01 03:23:19,147.82608695652172,0.7977142857142846
826,2017-08-01 04:23:19,147.82608695652172,0.7788571428571419
827,2017-08-01 05:23:19,147.82608695652172,0.7788571428571419
828,2017-08-01 06:23:19,113.04347826086956,0.9879999999999982
829,2017-08-01 07:23:20,104.34782608695652,1.0
830,2017-08-01 08:23:20,113.04347826086956,0.9879999999999982
831,2017-08-01 09:23:20,104.34782608695652,1.0
832,2017-08-01 10:23:20,913.0434782608696,0.1462857142857153
833,2017-08-01 11:23:20,913.0434782608696,0.1462857142857153
834,2017-08-01 12:23:20,904.3478260869563,0.16742857142857145
835,2017-08-01 13:23:20,913.0434782608696,0.1462857142857153
836,2017-08-01 14:23:20,913.0434782608696,0.11200000000000089
837,2017-08-01 15:23:21,913.0434782608696,0.11200000000000089
838,2017-08-01 16:23:20,913.0434782608696,0.0891428571428581
839,2017-08-01 17:23:20,913.0434782608696,0.0891428571428581
840,2017-08-01 18:23:20,913.0434782608696,0.0891428571428581
841,2017-08-01 19:23:20,913.0434782608696,0.0891428571428581
842,2017-08-01 20:23:20,913.0434782608696,0.07371428571428662
843,2017-08-01 21:23:20,913.0434782608696,0.07371428571428662
844,2017-08-01 22:23:21,913.0434782608696,0.07371428571428662
845,2017-08-01 23:23:21,913.0434782608696,0.07371428571428662
846,2017-08-02 00:23:21,904.3478260869563,0.16742857142857145
847,2017-08-02 01:23:21,904.3478260869563,0.16742857142857145
848,2017-08-02 02:23:21,904.3478260869563,0.16742857142857145
849,2017-08-02 03:23:21,895.6521739130434,0.19942857142857057
850,2017-08-02 04:23:21,904.3478260869563,0.16742857142857145
851,2017-08-02 05:23:21,904.3478260869563,0.16742857142857145
852,2017-08-02 06:23:21,904.3478260869563,0.16742857142857145
853,2017-08-02 07:23:23,904.3478260869563,0.1537142857142858
854,2017-08-02 08:23:21,904.3478260869563,0.1537142857142858
855,2017-08-02 09:23:21,904.3478260869563,0.1537142857142858
856,2017-08-02 10:23:22,913.0434782608696,0.07371428571428662
857,2017-08-02 11:23:22,904.3478260869563,0.1537142857142858
858,2017-08-02 12:23:22,895.6521739130434,0.19942857142857057
859,2017-08-02 13:23:21,895.6521739130434,0.19942857142857057
860,2017-08-02 14:23:22,895.6521739130434,0.19942857142857057
861,2017-08-02 15:23:22,895.6521739130434,0.19942857142857057
862,2017-08-02 16:23:22,913.0434782608696,0.07371428571428662
863,2017-08-02 17:23:22,913.0434782608696,0.07371428571428662
864,2017-08-02 18:23:22,895.6521739130434,0.19942857142857057
865,2017-08-02 19:23:23,913.0434782608696,0.07371428571428662
866,2017-08-02 20:23:23,895.6521739130434,0.19942857142857057
867,2017-08-02 21:23:23,904.3478260869563,0.1537142857142858
868,2017-08-02 22:23:23,886.9565217391304,0.16057142857142723
869,2017-08-02 23:23:23,886.9565217391304,0.16057142857142723
870,2017-08-03 00:23:23,886.9565217391304,0.16057142857142723
871,2017-08-03 01:23:23,878.2608695652175,0.18857142857142664
872,2017-08-03 02:23:23,878.2608695652175,0.18857142857142664
873,2017-08-03 03:23:23,878.2608695652175,0.13885714285714165
874,2017-08-03 04:23:23,878.2608695652175,0.13885714285714165
875,2017-08-03 05:23:23,869.5652173913044,0.1519999999999994
876,2017-08-03 06:23:23,869.5652173913044,0.1519999999999994
877,2017-08-03 07:23:25,869.5652173913044,0.1519999999999994
878,2017-08-03 08:23:23,869.5652173913044,0.19999999999999948
879,2017-08-03 09:23:23,869.5652173913044,0.19999999999999948
880,2017-08-03 10:23:24,869.5652173913044,0.1519999999999994
881,2017-08-03 11:23:24,913.0434782608696,0.07371428571428662
882,2017-08-03 12:23:24,913.0434782608696,0.07371428571428662
883,2017-08-03 13:23:24,913.0434782608696,0.07371428571428662
884,2017-08-03 14:23:24,869.5652173913044,0.1519999999999994
885,2017-08-03 15:23:23,904.3478260869563,0.1537142857142858
886,2017-08-03 16:23:23,904.3478260869563,0.1537142857142858
887,2017-08-03 17:23:23,913.0434782608696,0.07371428571428662
888,2017-08-03 18:23:23,904.3478260869563,0.1537142857142858
889,2017-08-03 19:23:24,860.8695652173913,0.3034285714285707
890,2017-08-03 20:23:24,913.0434782608696,0.07371428571428662
891,2017-08-03 21:23:24,860.8695652173913,0.3034285714285707
892,2017-08-03 22:23:25,860.8695652173913,0.3034285714285707
893,2017-08-03 23:23:25,826.0869565217392,0.3434285714285712
894,2017-08-04 00:23:24,826.0869565217392,0.3434285714285712
895,2017-08-04 01:23:24,817.3913043478259,0.2902857142857134
896,2017-08-04 02:23:24,817.3913043478259,0.2902857142857134
897,2017-08-04 03:23:25,817.3913043478259,0.2902857142857134
898,2017-08-04 04:23:25,808.695652173913,0.22342857142857092
899,2017-08-04 05:23:25,808.695652173913,0.22342857142857092
900,2017-08-04 06:23:25,808.695652173913,0.22342857142857092
901,2017-08-04 07:23:25,808.695652173913,0.22342857142857092
902,2017-08-04 08:23:25,808.695652173913,0.24914285714285672
903,2017-08-04 09:23:25,808.695652173913,0.24914285714285672
904,2017-08-04 10:23:25,800.0,0.2445714285714283
905,2017-08-04 11:23:25,800.0,0.2445714285714283
906,2017-08-04 12:23:25,800.0,0.2445714285714283
907,2017-08-04 13:23:25,800.0,0.2445714285714283
908,2017-08-04 14:23:25,800.0,0.2445714285714283
909,2017-08-04 15:23:25,800.0,0.2445714285714283
910,2017-08-04 16:23:25,800.0,0.2445714285714283
911,2017-08-04 17:23:25,800.0,0.2445714285714283
912,2017-08-04 18:23:25,808.695652173913,0.22342857142857092
913,2017-08-04 20:23:26,808.695652173913,0.2542857142857137
914,2017-08-04 21:23:25,800.0,0.2445714285714283
915,2017-08-04 22:23:26,800.0,0.2445714285714283
916,2017-08-04 23:23:26,800.0,0.2445714285714283
917,2017-08-05 00:23:26,756.5217391304348,0.2719999999999994
918,2017-08-05 01:23:26,782.6086956521739,0.2337142857142852
919,2017-08-05 02:23:26,747.8260869565217,0.30457142857142777
920,2017-08-05 03:23:26,747.8260869565217,0.30457142857142777
921,2017-08-05 04:23:26,739.1304347826086,0.21885714285714225
922,2017-08-05 05:23:26,739.1304347826086,0.21885714285714225
923,2017-08-05 06:23:26,739.1304347826086,0.21885714285714225
924,2017-08-05 07:23:26,739.1304347826086,0.21885714285714225
925,2017-08-05 08:23:26,730.4347826086956,0.25142857142857067
926,2017-08-05 09:23:26,765.2173913043476,0.2685714285714284
927,2017-08-05 10:23:27,765.2173913043476,0.2685714285714284
928,2017-08-05 11:23:27,773.9130434782608,0.25828571428571384
929,2017-08-05 12:23:27,765.2173913043476,0.2685714285714284
930,2017-08-05 13:23:27,765.2173913043476,0.2685714285714284
931,2017-08-05 14:23:27,756.5217391304348,0.2719999999999994
932,2017-08-05 15:23:27,756.5217391304348,0.2719999999999994
933,2017-08-05 16:23:27,756.5217391304348,0.2719999999999994
934,2017-08-05 17:23:27,756.5217391304348,0.2719999999999994
935,2017-08-05 18:23:27,756.5217391304348,0.2719999999999994
936,2017-08-05 19:23:27,765.2173913043476,0.2685714285714284
937,2017-08-05 20:23:27,756.5217391304348,0.2719999999999994
938,2017-08-05 21:23:27,747.8260869565217,0.30457142857142777
939,2017-08-05 22:23:28,756.5217391304348,0.2719999999999994
940,2017-08-05 23:23:28,756.5217391304348,0.25999999999999945
941,2017-08-06 00:23:28,747.8260869565217,0.30457142857142777
942,2017-08-06 01:23:28,704.3478260869565,0.14114285714285635
943,2017-08-06 02:23:28,747.8260869565217,0.30457142857142777
944,2017-08-06 03:23:28,756.5217391304348,0.2719999999999994
945,2017-08-06 04:23:28,747.8260869565217,0.30457142857142777
946,2017-08-06 05:23:28,713.0434782608694,0.18685714285714194
947,2017-08-06 06:23:28,739.1304347826086,0.21885714285714225
948,2017-08-06 07:23:28,739.1304347826086,0.21885714285714225
949,2017-08-06 08:23:28,730.4347826086956,0.25142857142857067
950,2017-08-06 09:23:29,713.0434782608694,0.19257142857142803
951,2017-08-06 10:23:29,695.6521739130435,0.10799999999999954
952,2017-08-06 11:23:29,730.4347826086956,0.2434285714285707
953,2017-08-06 12:23:29,721.7391304347825,0.22742857142857073
954,2017-08-06 13:23:28,721.7391304347825,0.22742857142857073
955,2017-08-06 14:23:29,730.4347826086956,0.20228571428571368
956,2017-08-06 15:23:29,721.7391304347825,0.22742857142857073
957,2017-08-06 16:23:29,721.7391304347825,0.22742857142857073
958,2017-08-06 17:23:29,721.7391304347825,0.22742857142857073
959,2017-08-06 18:23:29,721.7391304347825,0.22742857142857073
960,2017-08-06 19:23:29,721.7391304347825,0.22742857142857073
961,2017-08-06 20:23:29,721.7391304347825,0.22742857142857073
962,2017-08-06 21:23:29,721.7391304347825,0.22742857142857073
963,2017-08-06 22:23:30,721.7391304347825,0.22742857142857073
964,2017-08-06 23:23:30,721.7391304347825,0.23771428571428502
965,2017-08-07 00:23:30,686.9565217391304,0.11028571428571421
966,2017-08-07 01:23:29,669.5652173913043,0.09257142857142832
967,2017-08-07 02:23:30,695.6521739130435,0.10799999999999954
968,2017-08-07 03:23:30,713.0434782608694,0.19257142857142803
969,2017-08-07 04:23:29,695.6521739130435,0.10799999999999954
970,2017-08-07 05:23:30,669.5652173913043,0.09257142857142832
971,2017-08-07 06:23:29,704.3478260869565,0.16685714285714204
972,2017-08-07 07:23:30,695.6521739130435,0.10799999999999954
973,2017-08-07 08:23:30,695.6521739130435,0.10799999999999954
974,2017-08-07 09:23:30,695.6521739130435,0.10799999999999954
975,2017-08-07 10:23:30,678.2608695652174,0.1045714285714286
976,2017-08-07 11:23:30,695.6521739130435,0.10799999999999954
977,2017-08-07 12:23:30,686.9565217391304,0.11028571428571421
978,2017-08-07 13:23:30,695.6521739130435,0.10799999999999954
979,2017-08-07 14:23:30,686.9565217391304,0.11028571428571421
980,2017-08-07 15:23:31,686.9565217391304,0.11028571428571421
981,2017-08-07 16:23:31,686.9565217391304,0.11028571428571421
982,2017-08-07 17:23:31,686.9565217391304,0.11028571428571421
983,2017-08-07 18:23:31,695.6521739130435,0.10799999999999954
984,2017-08-07 19:23:31,695.6521739130435,0.10799999999999954
985,2017-08-07 20:23:31,695.6521739130435,0.15257142857142791
986,2017-08-07 21:23:31,686.9565217391304,0.11028571428571421
987,2017-08-07 22:23:31,686.9565217391304,0.1445714285714283
988,2017-08-07 23:23:31,669.5652173913043,0.09257142857142832
989,2017-08-08 00:23:31,643.4782608695651,0.10114285714285684
990,2017-08-08 01:23:31,643.4782608695651,0.10114285714285684
991,2017-08-08 02:23:32,634.7826086956521,0.10914285714285692
992,2017-08-08 03:23:32,678.2608695652174,0.14914285714285677
993,2017-08-08 04:23:32,669.5652173913043,0.09257142857142832
994,2017-08-08 05:23:32,669.5652173913043,0.13199999999999987
995,2017-08-08 06:23:32,634.7826086956521,0.10914285714285692
996,2017-08-08 07:23:32,660.8695652173913,0.09428571428571396
997,2017-08-08 08:23:32,660.8695652173913,0.09428571428571396
998,2017-08-08 09:23:32,660.8695652173913,0.09428571428571396
999,2017-08-08 10:23:32,660.8695652173913,0.09428571428571396
1000,2017-08-08 11:23:32,652.1739130434783,0.10399999999999965
1001,2017-08-08 12:23:32,652.1739130434783,0.10399999999999965
1002,2017-08-08 13:23:32,652.1739130434783,0.10399999999999965
1003,2017-08-08 14:23:32,652.1739130434783,0.10399999999999965
1004,2017-08-08 15:23:32,652.1739130434783,0.10399999999999965
1005,2017-08-08 16:23:32,660.8695652173913,0.09428571428571396
1006,2017-08-08 17:23:32,652.1739130434783,0.10399999999999965
1007,2017-08-08 18:23:32,652.1739130434783,0.10399999999999965
1008,2017-08-08 19:23:32,652.1739130434783,0.10399999999999965
1009,2017-08-08 20:23:33,652.1739130434783,0.10399999999999965
1010,2017-08-08 21:23:33,652.1739130434783,0.12628571428571383
1011,2017-08-08 22:23:33,643.4782608695651,0.10114285714285684
1012,2017-08-08 23:23:33,617.391304347826,0.06857142857142845
1013,2017-08-09 00:23:33,643.4782608695651,0.10114285714285684
1014,2017-08-09 01:23:33,617.391304347826,0.06857142857142845
1015,2017-08-09 02:23:33,643.4782608695651,0.14057142857142807
1016,2017-08-09 03:23:33,634.7826086956521,0.10914285714285692
1017,2017-08-09 04:23:33,634.7826086956521,0.13828571428571387
1018,2017-08-09 05:23:33,626.0869565217391,0.07028571428571424
1019,2017-08-09 06:23:33,626.0869565217391,0.07028571428571424
1020,2017-08-09 07:23:34,626.0869565217391,0.07028571428571424
1021,2017-08-09 08:23:34,617.391304347826,0.06857142857142845
1022,2017-08-09 09:23:34,617.391304347826,0.06857142857142845
1023,2017-08-09 10:23:34,617.391304347826,0.06857142857142845
1024,2017-08-09 11:23:34,617.391304347826,0.06857142857142845
1025,2017-08-09 12:23:34,617.391304347826,0.06857142857142845
1026,2017-08-09 13:23:34,608.695652173913,0.09885714285714257
1027,2017-08-09 14:23:34,608.695652173913,0.09885714285714257
1028,2017-08-09 15:23:34,608.695652173913,0.09885714285714257
1029,2017-08-09 16:23:34,617.391304347826,0.06857142857142845
1030,2017-08-09 17:23:34,617.391304347826,0.06857142857142845
1031,2017-08-09 18:23:34,617.391304347826,0.06857142857142845
1032,2017-08-09 19:23:34,617.391304347826,0.06857142857142845
1033,2017-08-09 20:23:35,617.391304347826,0.06857142857142845
1034,2017-08-09 21:23:35,626.0869565217391,0.09771428571428556
1035,2017-08-09 22:23:35,608.695652173913,0.09885714285714257
1036,2017-08-09 23:23:35,617.391304347826,0.09771428571428549
1037,2017-08-10 00:23:35,608.695652173913,0.07828571428571403
1038,2017-08-10 01:23:35,600.0,0.10799999999999954
1039,2017-08-10 02:23:35,608.695652173913,0.09885714285714257
1040,2017-08-10 03:23:35,600.0,0.10799999999999954
1041,2017-08-10 04:23:35,591.3043478260869,0.09542857142857115
1042,2017-08-10 05:23:35,591.3043478260869,0.09542857142857115
1043,2017-08-10 06:23:35,591.3043478260869,0.09542857142857115
1044,2017-08-10 07:23:35,582.6086956521739,0.10742857142857107
1045,2017-08-10 08:23:35,582.6086956521739,0.10742857142857107
1046,2017-08-10 09:23:35,582.6086956521739,0.10742857142857107
1047,2017-08-10 10:23:36,582.6086956521739,0.10742857142857107
1048,2017-08-10 11:23:36,582.6086956521739,0.10742857142857107
1049,2017-08-10 12:23:36,573.9130434782609,0.07828571428571403
1050,2017-08-10 13:23:36,573.9130434782609,0.07828571428571403
1051,2017-08-10 14:23:36,582.6086956521739,0.10742857142857107
1052,2017-08-10 15:23:36,573.9130434782609,0.07828571428571403
1053,2017-08-10 16:23:36,573.9130434782609,0.07828571428571403
1054,2017-08-10 17:23:36,573.9130434782609,0.07828571428571403
1055,2017-08-10 18:23:36,591.3043478260869,0.1519999999999995
1056,2017-08-10 19:23:36,573.9130434782609,0.07828571428571403
1057,2017-08-10 20:23:37,573.9130434782609,0.07828571428571403
1058,2017-08-10 21:23:37,573.9130434782609,0.07828571428571403
1059,2017-08-10 22:23:37,573.9130434782609,0.10057142857142827
1060,2017-08-10 23:23:37,565.2173913043478,0.059999999999999866
1061,2017-08-11 00:23:37,565.2173913043478,0.059999999999999866
1062,2017-08-11 01:23:36,565.2173913043478,0.059999999999999866
1063,2017-08-11 02:23:36,565.2173913043478,0.059999999999999866
1064,2017-08-11 03:23:37,556.5217391304348,0.0
1065,2017-08-11 04:23:37,565.2173913043478,0.0994285714285711
1066,2017-08-11 05:23:37,556.5217391304348,0.0
1067,2017-08-11 06:23:37,547.8260869565216,0.01199999999999988
1068,2017-08-11 07:23:37,547.8260869565216,0.01199999999999988
1069,2017-08-11 08:23:37,547.8260869565216,0.01199999999999988
1070,2017-08-11 09:23:37,547.8260869565216,0.01199999999999988
1071,2017-08-11 10:23:38,547.8260869565216,0.01199999999999988
1072,2017-08-11 11:23:38,539.1304347826086,0.09999999999999923
1073,2017-08-11 12:23:37,539.1304347826086,0.09999999999999923
1074,2017-08-11 13:23:38,539.1304347826086,0.06571428571428509
1075,2017-08-11 14:23:37,547.8260869565216,0.01199999999999988
1076,2017-08-11 15:23:37,539.1304347826086,0.06571428571428509
1077,2017-08-11 16:23:37,556.5217391304348,0.0
1078,2017-08-11 17:23:37,547.8260869565216,0.01199999999999988
1079,2017-08-11 18:23:37,547.8260869565216,0.01199999999999988
1080,2017-08-11 19:23:37,547.8260869565216,0.03885714285714306
1081,2017-08-11 20:23:38,530.4347826086956,0.07257142857142805
1082,2017-08-11 21:23:38,556.5217391304348,0.03657142857142857
1083,2017-08-11 23:23:38,539.1304347826086,0.06571428571428509
1084,2017-08-12 00:23:38,539.1304347826086,0.06571428571428509
1085,2017-08-12 01:23:38,539.1304347826086,0.06571428571428509
1086,2017-08-12 02:23:38,530.4347826086956,0.07257142857142805
1087,2017-08-12 03:23:38,530.4347826086956,0.07257142857142805
1088,2017-08-12 04:23:38,530.4347826086956,0.07257142857142805
1089,2017-08-12 05:23:38,521.7391304347826,0.1079999999999997
1090,2017-08-12 06:23:38,521.7391304347826,0.1079999999999997
1091,2017-08-12 07:23:39,521.7391304347826,0.1079999999999997
1092,2017-08-12 08:23:39,513.0434782608695,0.07828571428571418
1093,2017-08-12 09:23:39,513.0434782608695,0.07828571428571418
1094,2017-08-12 10:23:39,513.0434782608695,0.07828571428571418
1095,2017-08-12 11:23:39,513.0434782608695,0.07828571428571418
1096,2017-08-12 12:23:39,513.0434782608695,0.07828571428571418
1097,2017-08-12 13:23:39,504.3478260869565,0.08799999999999993
1098,2017-08-12 14:23:39,504.3478260869565,0.08799999999999993
1099,2017-08-12 15:23:40,504.3478260869565,0.08799999999999993
1100,2017-08-12 16:23:40,513.0434782608695,0.07828571428571418
1101,2017-08-12 17:23:39,513.0434782608695,0.07828571428571418
1102,2017-08-12 18:23:39,513.0434782608695,0.07828571428571418
1103,2017-08-12 19:23:39,513.0434782608695,0.07828571428571418
1104,2017-08-13 00:23:40,513.0434782608695,0.07828571428571418
1105,2017-08-13 01:23:40,521.7391304347826,0.09085714285714265
1106,2017-08-13 02:23:40,513.0434782608695,0.07828571428571418
1107,2017-08-13 03:23:40,504.3478260869565,0.08799999999999993
1108,2017-08-13 04:23:41,513.0434782608695,0.07828571428571418
1109,2017-08-13 05:23:41,504.3478260869565,0.08799999999999993
1110,2017-08-13 06:23:40,504.3478260869565,0.08799999999999993
1111,2017-08-13 07:23:40,495.6521739130434,0.10799999999999967
1112,2017-08-13 08:23:41,495.6521739130434,0.10799999999999967
1113,2017-08-13 09:23:41,495.6521739130434,0.10799999999999967
1114,2017-08-13 10:23:41,486.9565217391304,0.1011428571428566
1115,2017-08-13 11:23:41,486.9565217391304,0.1011428571428566
1116,2017-08-13 12:23:41,486.9565217391304,0.1011428571428566
1117,2017-08-13 13:23:41,486.9565217391304,0.1011428571428566
1118,2017-08-13 14:23:41,478.2608695652174,0.07542857142857107
1119,2017-08-13 15:23:41,478.2608695652174,0.06057142857142821
1120,2017-08-13 16:23:41,478.2608695652174,0.06057142857142821
1121,2017-08-13 17:23:41,469.5652173913043,0.08971428571428525
1122,2017-08-13 18:23:41,478.2608695652174,0.06057142857142821
1123,2017-08-13 19:23:41,478.2608695652174,0.06057142857142821
1124,2017-08-13 20:23:41,478.2608695652174,0.06057142857142821
1125,2017-08-13 21:23:41,478.2608695652174,0.06057142857142821
1126,2017-08-13 22:23:41,478.2608695652174,0.06057142857142821
1127,2017-08-13 23:23:41,478.2608695652174,0.06057142857142821
1128,2017-08-14 00:23:42,478.2608695652174,0.06057142857142821
1129,2017-08-14 01:23:41,486.9565217391304,0.13542857142857073
1130,2017-08-14 02:23:42,478.2608695652174,0.091428571428571
1131,2017-08-14 04:23:42,469.5652173913043,0.08971428571428525
1132,2017-08-14 05:23:42,469.5652173913043,0.08971428571428525
1133,2017-08-14 06:23:42,469.5652173913043,0.08971428571428525
1134,2017-08-14 07:23:43,469.5652173913043,0.08971428571428525
1135,2017-08-14 08:23:43,460.86956521739125,0.1171428571428566
1136,2017-08-14 09:23:43,460.86956521739125,0.1171428571428566
1137,2017-08-14 10:23:43,460.86956521739125,0.09199999999999957
1138,2017-08-14 11:23:43,460.86956521739125,0.09199999999999957
1139,2017-08-14 12:23:43,460.86956521739125,0.09199999999999957
1140,2017-08-14 13:23:42,452.1739130434783,0.06685714285714278
1141,2017-08-14 14:23:43,452.1739130434783,0.06685714285714278
1142,2017-08-14 17:23:43,452.1739130434783,0.06685714285714278
1143,2017-08-14 18:23:43,443.4782608695652,0.08628571428571434
1144,2017-08-14 19:23:42,443.4782608695652,0.08628571428571434
1145,2017-08-14 20:23:43,443.4782608695652,0.08628571428571434
1146,2017-08-14 22:23:44,443.4782608695652,0.08628571428571434
1147,2017-08-15 01:23:43,443.4782608695652,0.08628571428571434
1148,2017-08-15 02:23:44,452.1739130434783,0.06685714285714278
1149,2017-08-15 07:23:44,452.1739130434783,0.06685714285714278
1150,2017-08-15 20:23:45,452.1739130434783,0.06685714285714278
1151,2017-08-15 21:23:45,452.1739130434783,0.06685714285714278
1152,2017-08-15 22:23:45,452.1739130434783,0.06685714285714278
1153,2017-08-15 23:23:45,452.1739130434783,0.06685714285714278
1154,2017-08-16 00:23:45,452.1739130434783,0.11999999999999965
1155,2017-08-16 02:23:45,443.4782608695652,0.08628571428571434
1156,2017-08-16 03:23:46,443.4782608695652,0.08628571428571434
1157,2017-08-16 04:23:46,443.4782608695652,0.08628571428571434
1158,2017-08-16 05:23:46,443.4782608695652,0.08628571428571434
1159,2017-08-16 06:23:46,434.7826086956521,0.09885714285714275
1160,2017-08-16 09:23:46,434.7826086956521,0.07142857142857109
1161,2017-08-16 12:23:46,434.7826086956521,0.07142857142857109
1162,2017-08-17 11:23:48,426.0869565217391,0.08857142857142822
1163,2017-08-17 12:23:48,426.0869565217391,0.07142857142857097
1164,2017-08-17 13:23:48,426.0869565217391,0.07142857142857097
1165,2017-08-17 14:23:48,426.0869565217391,0.07142857142857097
1166,2017-08-17 15:23:48,426.0869565217391,0.07142857142857097
1167,2017-08-17 16:23:48,417.39130434782606,0.10914285714285668
1168,2017-08-18 01:23:49,417.39130434782606,0.10914285714285668
1169,2017-08-18 03:23:49,417.39130434782606,0.10914285714285668
1170,2017-08-18 04:23:49,417.39130434782606,0.10914285714285668
1171,2017-08-18 06:23:49,426.0869565217391,0.07142857142857097
1172,2017-08-18 07:23:49,417.39130434782606,0.10914285714285668
1173,2017-08-18 08:23:50,417.39130434782606,0.10914285714285668
1174,2017-08-18 09:23:50,417.39130434782606,0.10914285714285668
1175,2017-08-18 10:23:50,426.0869565217391,0.07142857142857097
1176,2017-08-18 11:23:50,426.0869565217391,0.046285714285713944
1177,2017-08-18 12:23:50,426.0869565217391,0.07142857142857097
1178,2017-08-18 13:23:49,434.7826086956521,0.09885714285714275
1179,2017-08-18 14:23:50,417.39130434782606,0.10914285714285668
1180,2017-08-18 15:23:50,417.39130434782606,0.10914285714285668
1181,2017-08-18 16:23:50,417.39130434782606,0.10914285714285668
1182,2017-08-18 17:23:50,417.39130434782606,0.10914285714285668
1183,2017-08-18 18:23:50,417.39130434782606,0.10914285714285668
1184,2017-08-18 19:23:50,408.69565217391295,0.054285714285714035
1185,2017-08-18 20:23:50,408.69565217391295,0.054285714285714035
1186,2017-08-18 21:23:50,408.69565217391295,0.07942857142857133
1187,2017-08-18 22:23:51,400.0,0.055428571428571466
1188,2017-08-18 23:23:51,400.0,0.055428571428571466
1189,2017-08-19 00:23:51,400.0,0.033714285714285655
1190,2017-08-19 01:23:51,400.0,0.033714285714285655
1191,2017-08-19 02:23:51,400.0,0.033714285714285655
1192,2017-08-19 03:23:51,391.3043478260869,0.10457142857142834
1193,2017-08-19 04:23:50,391.3043478260869,0.10457142857142834
1194,2017-08-19 05:23:50,400.0,0.033714285714285655
1195,2017-08-19 06:23:51,400.0,0.033714285714285655
1196,2017-08-19 07:23:51,400.0,0.033714285714285655
1197,2017-08-19 08:23:51,400.0,0.033714285714285655
1198,2017-08-19 09:23:51,400.0,0.033714285714285655
1199,2017-08-19 10:23:52,400.0,0.033714285714285655
1200,2017-08-19 11:23:51,400.0,0.033714285714285655
1201,2017-08-19 12:23:52,400.0,0.033714285714285655
1202,2017-08-19 13:23:51,400.0,0.033714285714285655
1203,2017-08-19 14:23:51,400.0,0.033714285714285655
1204,2017-08-19 15:23:52,391.3043478260869,0.10457142857142834
1205,2017-08-19 16:23:52,400.0,0.059999999999999866
1206,2017-08-19 17:23:51,391.3043478260869,0.10457142857142834
1207,2017-08-19 18:23:51,382.6086956521738,0.07028571428571383
1208,2017-08-19 19:23:52,382.6086956521738,0.07028571428571383
1209,2017-08-19 20:23:52,382.6086956521738,0.07028571428571383
1210,2017-08-19 21:23:52,382.6086956521738,0.10799999999999975
1211,2017-08-19 22:23:52,373.9130434782609,0.08399999999999985
1212,2017-08-19 23:23:52,373.9130434782609,0.08399999999999985
1213,2017-08-20 00:23:52,373.9130434782609,0.05542857142857111
1214,2017-08-20 01:23:52,373.9130434782609,0.05542857142857111
1215,2017-08-20 02:23:52,373.9130434782609,0.05542857142857111
1216,2017-08-20 03:23:53,365.2173913043478,0.09657142857142827
1217,2017-08-20 04:23:53,365.2173913043478,0.09657142857142827
1218,2017-08-20 05:23:53,365.2173913043478,0.09657142857142827
1219,2017-08-20 06:23:53,365.2173913043478,0.09657142857142827
1220,2017-08-20 07:23:53,365.2173913043478,0.09657142857142827
1221,2017-08-20 08:23:53,373.9130434782609,0.05542857142857111
1222,2017-08-20 09:23:53,373.9130434782609,0.05542857142857111
1223,2017-08-20 10:23:53,373.9130434782609,0.05542857142857111
1224,2017-08-20 11:23:53,373.9130434782609,0.05542857142857111
1225,2017-08-20 12:23:53,373.9130434782609,0.05542857142857111
1226,2017-08-20 13:23:53,373.9130434782609,0.05542857142857111
1227,2017-08-20 14:23:53,365.2173913043478,0.09657142857142827
1228,2017-08-20 15:23:54,365.2173913043478,0.09657142857142827
1229,2017-08-20 16:23:54,365.2173913043478,0.09657142857142827
1230,2017-08-20 17:23:54,365.2173913043478,0.09657142857142827
1231,2017-08-20 18:23:54,365.2173913043478,0.09657142857142827
1232,2017-08-20 19:23:53,356.5217391304347,0.19714285714285643
1233,2017-08-20 20:23:54,356.5217391304347,0.19714285714285643
1234,2017-08-20 21:23:54,356.5217391304347,0.19714285714285643
1235,2017-08-20 22:23:54,356.5217391304347,0.19714285714285643
1236,2017-08-20 23:23:54,356.5217391304347,0.19714285714285643
1237,2017-08-21 00:23:54,356.5217391304347,0.19714285714285643
1238,2017-08-21 01:23:54,356.5217391304347,0.19714285714285643
1239,2017-08-21 02:23:54,347.82608695652175,0.13199999999999945
1240,2017-08-21 03:23:54,356.5217391304347,0.1342857142857141
1241,2017-08-21 04:23:54,356.5217391304347,0.1342857142857141
1242,2017-08-21 05:23:54,347.82608695652175,0.13199999999999945
1243,2017-08-21 06:23:55,347.82608695652175,0.13199999999999945
1244,2017-08-21 07:23:55,347.82608695652175,0.13199999999999945
1245,2017-08-21 08:23:54,356.5217391304347,0.1342857142857141
1246,2017-08-21 09:23:55,356.5217391304347,0.1342857142857141
1247,2017-08-21 10:23:55,356.5217391304347,0.07828571428571406
1248,2017-08-21 11:23:55,356.5217391304347,0.07828571428571406
1249,2017-08-21 12:23:55,356.5217391304347,0.07828571428571406
1250,2017-08-21 13:23:55,356.5217391304347,0.06114285714285696
1251,2017-08-21 14:23:55,356.5217391304347,0.06114285714285696
1252,2017-08-21 15:23:55,356.5217391304347,0.06114285714285696
1253,2017-08-21 16:23:55,347.82608695652175,0.13199999999999945
1254,2017-08-21 17:23:55,347.82608695652175,0.1525714285714279
1255,2017-08-21 18:23:55,356.5217391304347,0.09428571428571432
1256,2017-08-21 19:23:55,339.1304347826087,0.1919999999999992
1257,2017-08-21 20:23:55,339.1304347826087,0.1919999999999992
1258,2017-08-21 21:23:55,339.1304347826087,0.17657142857142785
1259,2017-08-21 22:23:56,339.1304347826087,0.17657142857142785
1260,2017-08-21 23:23:56,339.1304347826087,0.17657142857142785
1261,2017-08-22 00:23:56,339.1304347826087,0.17657142857142785
1262,2017-08-22 01:23:56,330.4347826086956,0.2234285714285708
1263,2017-08-22 02:23:56,330.4347826086956,0.2234285714285708
1264,2017-08-22 03:23:56,330.4347826086956,0.2234285714285708
1265,2017-08-22 04:23:56,330.4347826086956,0.2234285714285708
